"ID";"post_title";"meta_value"
"459";"Canasto SPA Grande";"RTM0096"
"462";"Canasto SPA Redondo";"RTM0100"
"465";"Pendrive Cartón 4GB";"RTM0114"
"470";"Set 15 Bolsitas de Basura";"RTM0197"
"478";"Llavero Cuadrado Linterna LED Dínamo";"RTM0364"
"484";"Linterna Dinamo Con LED";"RTM0399"
"490";"Botella Flexible 480cc Eco";"RTM0548"
"500";"Set Ecológico de Oficina";"RTM0549"
"505";"Libreta Ecológica Lápiz 50 hojas";"RTM0671"
"511";"Portalápices Ecológico Plegable";"RTM0677"
"515";"Taco Ecológico 180 hojas";"RTM0682"
"517";"Memo Set Ecológico con Bolígrafo";"RTM0560"
"521";"Cuaderno Ecológico Lápiz Troquelado";"RTM0575"
"533";"Set de Banderitas Adhesivas";"RTM0582"
"539";"Porta Post it Ecológico";"RTM0584"
"543";"Cuaderno Ecológico 1/2 Oficio";"RTM0587"
"549";"Cuaderno Ecológico Tapa Dura 70 hojas";"RTM0604"
"560";"Carpeta Ecológica Maletín";"RTM0612"
"565";"Libreta Ecológica Tapa Dura 80 Hojas";"RTM0622"
"568";"Cuaderno Ecológico Tapa Dura";"RTM0627"
"571";"Libreta Memo Eco Cuero";"RTM0832"
"577";"Memo Set Ecológico con Regla";"RTM0833"
"580";"Memo Set Ecológico con Bolígrafo";"RTM0834"
"583";"Memo Set Ecológico con Tapa Dura";"RTM0835"
"586";"Memo Set Ecológico Grande";"RTM0836"
"589";"Memo Set Ecológico con Lápiz";"RTM0837"
"594";"Regla de Madera 30cm";"RTM0838"
"600";"Libreta Ecológica 70 hojas";"RTM0675"
"617";"Bolso Playa UV";"RTM0718"
"620";"Bolsa tirantes algodón";"RTM0721"
"622";"Bolso Marinero Algodón";"RTM0722"
"625";"Bolso Marinero Algodón Colores";"RTM0723"
"634";"Calculadora Solar Traslúcida";"RTM0806"
"639";"Linterna 3 LED con Dínamo";"RTM0734"
"642";"Linterna Dínamo LED USB";"RTM0735"
"648";"Set Tabla Para Quesos Imantada";"RTM0824"
"651";"Lápiz Roller Bambú";"RTM0076"
"655";"Bolígrafo Set Bambú con caja";"RTM0077"
"663";"Lápiz Bambú Clip Metálico";"RTM0079"
"666";"Lápiz Bambú Touch Screen";"RTM0080"
"669";"Lápiz Bambú Metal";"RTM0081"
"660";"Lápiz Ejecutivo Bambú";"RTM0078"
"674";"Lápiz Bambú Roller";"RTM0082"
"677";"Set Bolígrafo Bambú con caja";"RTM0083"
"681";"Lápiz Bambú Enviro";"RTM0084"
"684";"Estuche Porta Lápiz de Bambú";"RTM0085"
"687";"Parlante de Bambú USB";"RTM0087"
"692";"Teclado de Bambú";"RTM0088"
"696";"USB Mouse de Bamboo";"RTM0089"
"700";"HUB 4 Puertos USB de Bamboo";"RTM0090"
"704";"Calculadora Solar de Bambú";"RTM0091"
"708";"Calculadora de Bambú";"RTM0092"
"711";"Reloj de Pared de Bamboo";"RTM0093"
"715";"Set Bambú Pad Mouse";"RTM0094"
"719";"Pendrive 4GB de Bambú";"RTM0095"
"722";"Reloj Despertador Bambú";"RTM0850"
"726";"Tazón de Bambú 350cc";"RTM0097"
"729";"Mug de Bambú 420cc";"RTM0098"
"732";"Tazón Cervecero de Bambú";"RTM0099"
"736";"Termo Madera Bambú 500cc";"RTM0839"
"739";"Descorchador Vinos de Bambú";"RTM0101"
"744";"Set de Vino de Bambú";"RTM0102"
"753";"Tarjetero de Bambú";"RTM0105"
"757";"Memo Clip de Bambú";"RTM0106"
"759";"Tarjetero de Bambú";"RTM0107"
"764";"Llavero Bambú Redondo";"RTM0384"
"767";"Lápiz Bambú Con Estuche";"RTM0420"
"771";"Lápiz de Bambú Panda";"RTM0496"
"778";"Cuaderno Con Lápiz de Bambú";"RTM0637"
"781";"Libreta Con Lápiz Bambú";"RTM0646"
"785";"Memo Post It Bambú";"RTM0986"
"789";"Cuaderno de Bambú";"RTM0659"
"998";"Lanyard Tela Lisa";"RTM0026"
"1000";"Porta Credencial de Acrílico";"RTM0028"
"1001";"Porta Credencial Horizontal";"RTM0029"
"1002";"Porta Credencial Vertical PVC";"RTM0030"
"1003";"Porta Credencial con Colgador";"RTM0031"
"1004";"Lanyard Reflectante";"RTM0032"
"1005";"Llavero Lanyard Mosquetón";"RTM0033"
"1006";"Porta Credencial con Lanyard";"RTM0034"
"1007";"Llavero Lanyard con Mosquetón";"RTM0035"
"1008";"Llavero Mosquetón y Extensor";"RTM0036"
"1010";"Lanyard Porta-Botella Sublimacion";"RTM0038"
"1011";"Lanyard Porta Llavero";"RTM0039"
"1012";"Lanyard Porta Credencial ""Fair""";"RTM0040"
"1013";"Pulsera Promocional Poliéster";"RTM0041"
"1014";"Porta Credencial Acrílico";"RTM0042"
"1015";"Pulsera Promocional de PVC";"RTM0043"
"1016";"Lanyard Porta Credencial";"RTM0044"
"1018";"Lanyard Porta Credencial Clásico";"RTM0046"
"1019";"Lanyard Porta Credencial";"RTM0047"
"1020";"Lanyard Premium Texturado";"RTM0048"
"1021";"Porta Credencial PVC Grande";"RTM0049"
"1022";"Identificador de Aluminio";"RTM0050"
"1023";"Yo-yo Porta Credencial";"RTM0051"
"1024";"Porta Credencial de Plástico";"RTM0052"
"1025";"Set de Manicure tarjeta";"RTM0053"
"1026";"Cosmetiquero Grande PVC";"RTM0054"
"1027";"Espejo con Reloj Digital";"RTM0055"
"1028";"Espejo Frozen con Tapa";"RTM0056"
"1029";"Espejo de Aluminio Cuadrado";"RTM0057"
"1030";"Set de Manicure Metálico";"RTM0058"
"1031";"Colgador de Carteras";"RTM0059"
"1032";"Pastillero Trizone";"RTM0060"
"1033";"Masajeador estrella";"RTM0061"
"1034";"Pastillero Redondo 7 compartimientos";"RTM0062"
"1035";"Necessaire de microfibra con PVC";"RTM0063"
"1036";"Cosmetiquero de PVC";"RTM0064"
"1037";"Mini Set de Costura";"RTM0065"
"1038";"Bolsa de PVC";"RTM0066"
"1039";"Colgador de Carteras Metálico";"RTM0067"
"1040";"Neceser de Microfibra";"RTM0068"
"1042";"Colgador Carteras Spiral";"RTM0070"
"1043";"Peine con Espejo";"RTM0071"
"1044";"Pastillero ""Bizone""";"RTM0072"
"1045";"Set de Costura Redondo con Espejo";"RTM0073"
"1046";"Botiquín de Emergencia";"RTM0074"
"1047";"Espejo Plateado";"RTM0075"
"1058";"Joyero de PU Negro";"RTM0086"
"1076";"Llavero Set Manicure";"RTM0104"
"1080";"Cepillo Rectangular con Espejo";"RTM0108"
"1081";"Bolígrafo Láser con Pendrive 8GB";"RTM0109"
"1082";"Pendrive 8 GB";"RTM0110"
"1083";"USB Pendrive 4GB Translucid Twister";"RTM0111"
"1084";"Láser Datashow Pendrive 8GB";"RTM0112"
"1085";"USB Mouse Inalámbrico";"RTM0113"
"1087";"Funda para Notebook";"RTM0115"
"1088";"Presentador Datashow Láser USB";"RTM0116"
"1089";"Llavero Láser LED";"RTM0117"
"1091";"Audífonos Caja Triangular";"RTM0119"
"1093";"Hub 4 puertos USB";"RTM0121"
"1094";"Adaptador Universal Corriente";"RTM0122"
"1095";"Puntero Láser Fivel";"RTM0123"
"1096";"Audífonos en Caja";"RTM0124"
"1097";"Audífonos Hi-Fi";"RTM0125"
"1099";"Pendrive Camiseta Fútbol 4GB";"RTM0127"
"1101";"Bolígrafo Pendrive 4GB";"RTM0129"
"1102";"Pendrive 2 GB";"RTM0130"
"1103";"MP3 Player Credit Card 8GB";"RTM0131"
"1104";"USB Mini-Mouse";"RTM0132"
"1105";"USB Mouse Optico Keita";"RTM0133"
"1106";"USB Lámpara LED";"RTM0134"
"1107";"Bolígrafo con USB Pendrive 2GB";"RTM0135"
"1108";"PenDrive 4GB Puntero Touch";"RTM0136"
"1109";"Pendrive 8GB Puntero Touch";"RTM0137"
"1110";"Pendrive 4G de Metal y Cuero";"RTM0138"
"1111";"Audífonos Acolchados";"RTM0139"
"1112";"Pendrive 2 GB";"RTM0140"
"1113";"Mini Altavoz Portátil Onix";"RTM0141"
"1114";"Bluetooth Altavoz Portátil";"RTM0142"
"1115";"Bluetooth Altavoz portátil";"RTM0143"
"1117";"Soporte Para Celular Abatible";"RTM0145"
"1119";"Mochila Frontal ""Flip""";"RTM0147"
"1120";"Bolso Mediano Flip";"RTM0148"
"1121";"Pendrive 2GB";"RTM0149"
"1122";"MOCHILA EXACTA";"RTM0150"
"1123";"MOCHILA PORTA NOTEBOOK";"RTM0151"
"1125";"Bolso Maletín";"RTM0153"
"1127";"MOCHILA CITY";"RTM0155"
"1128";"MOCHILA PORTA NOTEBOOK RIPSTOP";"RTM0156"
"1129";"Pendrive 4GB";"RTM0157"
"1130";"Cargador Power Bank 2200mAh";"RTM0158"
"1132";"Cargador Llavero Power Bank 2000mAh";"RTM0160"
"1133";"Cargador Power Bank 8400mAh";"RTM0161"
"1134";"Pendrive 4GB";"RTM0162"
"1135";"Cargador Power Bank Basic 2200mAh";"RTM0163"
"1136";"Pendrive Llave de 4GB";"RTM0164"
"1137";"Pendrive 8GB Forma Llave";"RTM0165"
"1138";"Pendrive Credit Card 2GB";"RTM0166"
"1139";"Pendrive Credit Card 4GB";"RTM0167"
"1140";"Pendrive Credit Card 8GB";"RTM0168"
"1141";"Pendrive 16 GB";"RTM0169"
"1142";"Llavero Pendrive Simil Cuero De 4GB";"RTM0170"
"1143";"Hub USB Mutilector Tarjetas";"RTM0171"
"1144";"Bolígrafo Pendrive 8GB";"RTM0172"
"1145";"Pendrive Mosquetón 8GB";"RTM0173"
"1146";"Pendrive Mono Porfiado 8GB";"RTM0174"
"1147";"Pendrive Interruptor 4GB";"RTM0175"
"1148";"Cargador Power Bank 2200mAh";"RTM0176"
"1149";"Identificador Equipaje";"RTM0183"
"1150";"Maletín Porta Notebook Oferta";"RTM0184"
"1152";"Bolso Porta Zapatos";"RTM0186"
"1153";"Mochila Cruzada";"RTM0187"
"1154";"Maletín Portadocumentos";"RTM0188"
"1155";"Bolso Deportivo y Viajes";"RTM0189"
"1156";"Deluxe Bolso XD";"RTM0190"
"1157";"Mochila City";"RTM0191"
"1158";"Maletín de Congreso";"RTM0192"
"1159";"Mochila Urbe";"RTM0193"
"1160";"Antifaz de Descanso";"RTM0194"
"1161";"Maletín Portadocumentos";"RTM0195"
"1162";"Maletín de Congreso Neopreno";"RTM0196"
"1164";"Mochila Porta Notebook King";"RTM0198"
"1165";"Maletín Porta Notebook Neopreno";"RTM0199"
"1166";"Funda Porta Notebook Neopreno";"RTM0200"
"1169";"Bolso Deportivo Pequeño";"RTM0203"
"1170";"Mochila Porta-Notebook";"RTM0204"
"1171";"Mochila Maletín Porta Notebook";"RTM0205"
"1172";"Deluxe Mochila Deluxe";"RTM0206"
"1173";"Maletín Porta-documentos";"RTM0207"
"1174";"Maletín Porta-documentos";"RTM0208"
"1175";"Clapper Inflables";"RTM0209"
"1176";"Mini Balón de Fútbol";"RTM0210"
"1177";"Balón de Fútbol Numero 5";"RTM0211"
"1178";"Funda Porta Tablet Neopreno";"RTM0212"
"1179";"Mini Bolso Porta-Tablet";"RTM0213"
"1180";"Funda Porta-Tablet";"RTM0214"
"1181";"Almohada Cervical";"RTM0215"
"1182";"Vamos Chile Morral 34x44cm";"RTM0216"
"1183";"Kit de Descanso";"RTM0217"
"1184";"Identificador de Equipaje";"RTM0218"
"1185";"Morral Poliéster 34x44cm";"RTM0219"
"1186";"Mochila Bicolor";"RTM0220"
"1208";"Bolsa TNT Chile 30x22cm";"RTM0242"
"1209";"Bolsa Chile TNT 25x30x8cm";"RTM0243"
"1210";"Bolsa TNT Chile 32x40x12cm";"RTM0244"
"1211";"Bolsa TNT Chile 40x32x12cm";"RTM0245"
"1212";"Morral 34x44cm Con Bandera Chilena";"RTM0246"
"1214";"Morral Non Woven 25x35cm";"RTM0248"
"1217";"Bolsa TNT Chile 25x30x8cm";"RTM0251"
"1219";"Bolsa TNT Chile 40x30x12cm";"RTM0253"
"1239";"Frasco plástico Cocina";"RTM0273"
"1241";"Cooler Lonchera";"RTM0286"
"1242";"Bufanda de Polar";"RTM0287"
"1243";"Cuello/Gorro alto Polar";"RTM0288"
"1244";"Gorro Lana con Doblez";"RTM0289"
"1245";"Gorro Lana Interior Polar";"RTM0290"
"1246";"Gorro Polar Con Orejeras";"RTM0291"
"1247";"Manta de Polar";"RTM0292"
"1249";"Gorro de Polar";"RTM0294"
"1250";"Cuello Polar";"RTM0295"
"1251";"Banano Poliéster Liso";"RTM0296"
"1252";"Bolsa de Polar";"RTM0297"
"1253";"Cinta Orejera de Polar";"RTM0298"
"1254";"Bufanda de Polar Niño";"RTM0299"
"1255";"Guantes Polar Mujer/Niño";"RTM0300"
"1256";"Bolso Bandolero";"RTM0301"
"1257";"Banano Porta Documentos";"RTM0302"
"1258";"Banano Deluxe XD";"RTM0303"
"1259";"Cooler Wave Comidas y Bebidas";"RTM0304"
"1260";"Cooler Gigante Artic";"RTM0305"
"1261";"Necessaire Poliéster 600D";"RTM0306"
"1262";"Jockey Denim Algodón";"RTM0307"
"1263";"Gorro Microfibra Sport";"RTM0308"
"1264";"Gorro Gilligan Algodón";"RTM0309"
"1265";"Gorro Gilligan Gabardina";"RTM0310"
"1266";"Jockey Algodón";"RTM0311"
"1267";"Jockey Denim Sandwich";"RTM0312"
"1268";"Banano Grande";"RTM0313"
"1269";"Guantes de Polar";"RTM0314"
"1271";"Guantes de Polar";"RTM0316"
"1272";"Grip de Silicona";"RTM0317"
"1273";"Llavero Multiherramientas";"RTM0318"
"1274";"Estrella Anti-Stress";"RTM0319"
"1275";"Pelota Anti-Stress Fútbol";"RTM0320"
"1276";"Delantal Asado 3 Herramientas";"RTM0321"
"1277";"Set herramientas 26 piezas";"RTM0322"
"1279";"Kit Emergencia Vehículo";"RTM0324"
"1280";"Set de Picnic 2 personas";"RTM0325"
"1281";"Set Asado 10 Herramientas";"RTM0326"
"1282";"Mini Estuche Multiherramientas";"RTM0327"
"1283";"Cortaplumas 5 en 1";"RTM0328"
"1284";"Huincha multifunción";"RTM0329"
"1285";"Multiherramientas con Linterna";"RTM0330"
"1286";"Set Herramientas 21 piezas";"RTM0331"
"1287";"Llavero Mini Destornilladores";"RTM0332"
"1288";"Set Mini Destornilladores y LED";"RTM0333"
"1289";"Set de 8 Destornilladores";"RTM0334"
"1290";"Llavero Multiherramientas";"RTM0335"
"1291";"Cortaplumas Golf con Llavero";"RTM0336"
"1292";"Set De Supervivencia";"RTM0337"
"1293";"Casco Anti-Stress";"RTM0338"
"1294";"Numero 1 Anti-Stress.";"RTM0339"
"1295";"Corazón Anti-Stress";"RTM0340"
"1297";"Set Fierros para Anticuchos";"RTM0342"
"1298";"Delantal Asado 9 Herramientas";"RTM0343"
"1299";"Cortaplumas Multifunciones";"RTM0344"
"1300";"Maletín Para Asado";"RTM0345"
"1301";"Set de Herramientas 24 piezas";"RTM0346"
"1302";"Pelota Anti-Stress";"RTM0347"
"1303";"Lápiz Ecológico con semilla";"RTM0348"
"1304";"Juego Gato de Aluminio";"RTM0349"
"1305";"Set 2 Cachos de PU negro";"RTM0350"
"1306";"Mini-puzzle";"RTM0351"
"1307";"Dado Blanco";"RTM0352"
"1308";"Yo-yo Plástico Traslúcido";"RTM0353"
"1309";"Mini Taca-Taca de Madera";"RTM0354"
"1310";"Mini Ping-Pong de Madera";"RTM0355"
"1311";"Billetera de PU";"RTM0356"
"1312";"Billetera de Cuero";"RTM0357"
"1313";"Cacho PU Negro";"RTM0358"
"1314";"Dominó Clásico Madera";"RTM0359"
"1315";"Multijuegos Salón";"RTM0360"
"1316";"Porta Foto Mini de Aluminio";"RTM0361"
"1317";"Set 6 Cachos de PU negro";"RTM0362"
"1318";"Porta Foto de Aluminio";"RTM0363"
"1320";"Llavero Linterna LED";"RTM0365"
"1321";"Llavero Antiestrés Fútbol";"RTM0366"
"1322";"Llavero Metal Cuero Premium";"RTM0367"
"1323";"Llavero simil Cuero Negro";"RTM0368"
"1324";"Llavero simil Cuero Café";"RTM0369"
"1325";"Llavero metálico cuadrado";"RTM0370"
"1326";"Llavero metálico rectangular";"RTM0371"
"1327";"Llavero rectangular plano";"RTM0372"
"1328";"Llavero Metálico PortaFoto";"RTM0373"
"1329";"Llavero Metálico Redondo";"RTM0374"
"1330";"Llavero Metálico Casa";"RTM0375"
"1331";"Llavero Huincha Medir";"RTM0376"
"1332";"Llavero Metálico Satinado";"RTM0377"
"1333";"Llavero Metálico Satinado Cuadrado";"RTM0378"
"1334";"Llavero Destapador";"RTM0379"
"1335";"Llavero Destapador Aluminio";"RTM0380"
"1336";"Llavero Destapador Metálico";"RTM0381"
"1337";"Llavero Casco Destapador";"RTM0382"
"1338";"Llavero Linterna Clásico";"RTM0383"
"1340";"Llavero Metálico Automóvil";"RTM0385"
"1341";"Llavero Metálico Strap";"RTM0386"
"1342";"Puntero Láser Linterna LED";"RTM0387"
"1343";"Llavero Metal-Cuero";"RTM0388"
"1344";"Llavero Metálico";"RTM0389"
"1345";"Llavero Metálico de Madera";"RTM0390"
"1346";"Llavero Cuero Metal Excelsior";"RTM0391"
"1347";"Llavero Metálico Camión";"RTM0392"
"1348";"Llavero Metálico Candado";"RTM0393"
"1349";"Linterna para Cabeza";"RTM0394"
"1350";"Llavero PVC Reflectante";"RTM0395"
"1351";"Llavero Linterna Económico";"RTM0396"
"1352";"Llavero Linterna LED redondo";"RTM0397"
"1353";"Llavero Náutico Anti-Stress";"RTM0398"
"1355";"Llavero PVC Polera";"RTM0400"
"1356";"Bolígrafo con Destacador Top";"RTM0401"
"1357";"Lápiz Ecológico Bios";"RTM0402"
"1358";"Bolígrafo Plástico Alum";"RTM0403"
"1359";"Bolígrafo Plástico Vulcano";"RTM0404"
"1360";"Bolígrafo Plástico New York";"RTM0405"
"1361";"Bolígrafo Plástico Clipy";"RTM0406"
"1362";"Bolígrafo Plástico Badge";"RTM0407"
"1363";"Bolígrafo Trek Touch-Screen";"RTM0408"
"1364";"Bolígrafo Flag";"RTM0409"
"1365";"Bolígrafo Metálico Top Gun";"RTM0410"
"1366";"Roller Pen Copper";"RTM0411"
"1367";"Bolígrafo Plástico Masai";"RTM0412"
"1368";"Bolígrafo Plástico New Orleans";"RTM0413"
"1369";"Bolígrafo Plástico Gordito";"RTM0414"
"1370";"Bolígrafo Metálico Biarritz";"RTM0415"
"1371";"Bolígrafo Arrow Touch-Screen";"RTM0416"
"1372";"Bolígrafo Plástico Jeringa";"RTM0417"
"1373";"Bolígrafo Metálico Premium";"RTM0418"
"1374";"Bolígrafo Metálico Harley";"RTM0419"
"1376";"Bolígrafo Satin Touch-Screen";"RTM0421"
"1377";"Bolígrafo Metálico Twister";"RTM0422"
"1378";"Bolígrafo Wind Stella LED";"RTM0423"
"1379";"Roller Metálico Manager";"RTM0424"
"1380";"Lápiz Ecológico Hoja";"RTM0425"
"1381";"Lápiz Ejecutivo de Madera";"RTM0426"
"1382";"Lápiz Ecológico Compo";"RTM0427"
"1383";"Bolígrafo Metálico Aroma";"RTM0428"
"1384";"Bolígrafo Metálico Gross";"RTM0429"
"1385";"Bolígrafo Metalico Arrow";"RTM0430"
"1386";"Bolígrafo Metálico Executive";"RTM0431"
"1387";"Set de Escritura Finit";"RTM0432"
"1388";"Set 12 Lápices Color Tubo";"RTM0433"
"1389";"Lápiz Grafito Largo";"RTM0434"
"1390";"Lápiz Grafito Corto";"RTM0435"
"1391";"Set 4 Lápices Grafito Negro";"RTM0436"
"1392";"Set 6 Lápices de Colores Caja";"RTM0437"
"1393";"Bolígrafo Plástico Wind Color";"RTM0438"
"1394";"Bolígrafo Plástico Arco";"RTM0439"
"1395";"Bolígrafo Dual Arme";"RTM0440"
"1396";"Set Portaminas Ecológico";"RTM0441"
"1397";"Set 6 Lápices Grafito Negro Tubo";"RTM0442"
"1398";"Bolígrafo con Destacador";"RTM0443"
"1399";"Bolígrafo con Destacador";"RTM0444"
"1400";"Bolígrafo Plástico Gross";"RTM0445"
"1401";"Bolígrafo Plástico Kinetic";"RTM0446"
"1402";"Bolígrafo Plástico Zulu";"RTM0447"
"1403";"Bolígrafo Plástico Scratch";"RTM0448"
"1404";"Bolígrafo Plástico Wind";"RTM0449"
"1405";"Bolígrafo Plástico Fusión";"RTM0450"
"1406";"Bolígrafo Plástico Milky";"RTM0451"
"1407";"Bolígrafo Huincha de Medir";"RTM0452"
"1408";"Bolígrafo Plástico Cheaper";"RTM0453"
"1410";"Bolígrafo Plástico Qasar Silver";"RTM0455"
"1411";"Bolígrafo Plástico Qasar";"RTM0456"
"1412";"Bolígrafo Plástico Discovery";"RTM0457"
"1413";"Bolígrafo Plástico Praxis";"RTM0458"
"1414";"Bolígrafo Plástico Andrómeda";"RTM0459"
"1415";"Bolígrafo Plástico Metalizado";"RTM0460"
"1416";"Bolígrafo Metálico Caterpillar";"RTM0461"
"1417";"Portaminas Metálico Caterpillar";"RTM0462"
"1418";"Bolígrafo Aluminio Winner";"RTM0463"
"1420";"Bolígrafo 4 en 1 Touch Screen";"RTM0465"
"1421";"Bolígrafo Touch-Screen";"RTM0466"
"1422";"Bolígrafo Metálico Fokus";"RTM0467"
"1423";"Bolígrafo Touch-Screen Stylus";"RTM0468"
"1424";"Bolígrafo Linterna LED";"RTM0469"
"1425";"Bolígrafo Touch Screen Keyring";"RTM0470"
"1426";"Lápiz Destacador Ecológico";"RTM0471"
"1427";"Bolígrafo Metálico White Pearl";"RTM0472"
"1428";"Bolígrafo Metálico Black Pearl";"RTM0473"
"1429";"Bolígrafo Metálico Director";"RTM0474"
"1430";"Bolígrafo Metálico Chairman";"RTM0475"
"1431";"Lápiz Ecológico Planet";"RTM0476"
"1432";"Bolígrafo Touch-Screen";"RTM0477"
"1433";"Lápiz Ecológico con Destacador";"RTM0478"
"1434";"Bolígrafo Touch-Screen";"RTM0479"
"1435";"Bolígrafo Touch-Screen";"RTM0480"
"1436";"Bolígrafo ""Touch Screen""";"RTM0481"
"1437";"Bolígrafo Metálico 4 en 1";"RTM0482"
"1438";"Bolígrafo Gross Lanyard";"RTM0483"
"1439";"Bolígrafo Plástico Evolution";"RTM0484"
"1440";"Bolígrafo Plástico Punch";"RTM0485"
"1441";"Bolígrafo Plástico Paz y Amor";"RTM0486"
"1442";"Bolígrafo Plástico Júpiter";"RTM0487"
"1443";"Bolígrafo Plástico Venus";"RTM0488"
"1444";"Bolígrafo Plástico Motion";"RTM0489"
"1445";"Bolígrafo Plástico Wind Stella";"RTM0490"
"1446";"Bolígrafo Plástico Me Gusta";"RTM0491"
"1447";"Bolígrafo Plástico Nº1";"RTM0492"
"1448";"Bolígrafo Metálico Puntero 3 en 1";"RTM0493"
"1449";"Bolígrafo Metálico Bauhaus";"RTM0494"
"1450";"Bolígrafo Metálico Hotel";"RTM0495"
"1452";"Lápiz Ecológico Leave";"RTM0497"
"1453";"Bolígrafo Metálico Roller";"RTM0498"
"1454";"Bolígrafo Metálico Enix";"RTM0499"
"1455";"Set Escolar Ecológico";"RTM0500"
"1456";"Bolígrafo 3 en 1";"RTM0501"
"1457";"Bolígrafo Metálico Roller E";"RTM0502"
"1458";"Bolígrafo Touch Screen Alabama";"RTM0503"
"1459";"Bolígrafo Metálico c/Funda";"RTM0504"
"1460";"Bolígrafo Plástico Gordito";"RTM0505"
"1461";"Bolígrafo Plástico Shadow";"RTM0506"
"1462";"Bolígrafo Touch Screen Shadow";"RTM0507"
"1463";"Bolígrafo Plástico Lord of Rings";"RTM0508"
"1464";"Bolígrafo Plástico Prime";"RTM0509"
"1465";"Bolígrafo Plástico Rainbow";"RTM0510"
"1466";"Bolígrafo Plástico Ángel";"RTM0511"
"1467";"Bolígrafo Plástico Economico";"RTM0512"
"1468";"Bolígrafo Plástico Hooligan";"RTM0513"
"1469";"Portaminas Mechanical";"RTM0514"
"1470";"Mug Térmico Auto Usb";"RTM0520"
"1472";"Caramayola Tritan";"RTM0522"
"1473";"Caramayola Trend";"RTM0523"
"1474";"Coffee Set Espresso Acero Inox.";"RTM0524"
"1475";"Set Torre 4 Tazones Metálicos";"RTM0525"
"1476";"Vaso Blanco Cloud con silicona";"RTM0526"
"1477";"Set Termo 2 Tazones";"RTM0527"
"1478";"Termo 1/2 Litro Novak";"RTM0528"
"1479";"Vaso Cerámico Grip";"RTM0529"
"1480";"Termo 1/2 Litro";"RTM0530"
"1481";"Coffee Mug PP-FRESH";"RTM0531"
"1482";"Mug de Acero Inoxidable";"RTM0532"
"1483";"Tazón Cerámico Blanco 240cc";"RTM0533"
"1484";"Tazón con Cuchara";"RTM0534"
"1485";"Tazón Cerámico 320cc";"RTM0535"
"1486";"Tazón Cerámico con Cuchara";"RTM0536"
"1487";"Mini Tazón con Cuchara";"RTM0537"
"1488";"Tazón Cerámico de Color";"RTM0538"
"1489";"Mug Térmico Plástico";"RTM0539"
"1490";"Coffee Mug Slim";"RTM0540"
"1491";"Mug Térmico Doble Pared";"RTM0541"
"1492";"Taza Acero Inox Camping";"RTM0542"
"1493";"Mug Térmico Encobrizado";"RTM0543"
"1494";"Mug de doble pared Inoxidable";"RTM0544"
"1496";"BOTELLA DE ALUMINIO 750ml";"RTM0546"
"1500";"Tarjetero de Aluminio";"RTM0550"
"1501";"Memo-Clip Base Cubo (2da. Selección)";"RTM0551"
"1502";"Post it Ecológico Sobre";"RTM0552"
"1503";"Libreta ecológica Post It Lápiz";"RTM0553"
"1504";"Paragua Mango Madera";"RTM0554"
"1505";"Alcancía forma casa";"RTM0555"
"1506";"Set de bar Vinos";"RTM0556"
"1507";"Set de bar madera caja cartón";"RTM0557"
"1508";"Set de bar Madera Circular";"RTM0558"
"1509";"Set de bar madera rectangular";"RTM0559"
"1515";"Set Post-it PU Negro";"RTM0565"
"1516";"Porta Post-it con Clips";"RTM0566"
"1517";"Mochila cruzada";"RTM0567"
"1519";"Libreta con Bolígrafo";"RTM0569"
"1520";"Libreta con Bolígrafo";"RTM0570"
"1521";"Pad mouse ergonómico";"RTM0571"
"1524";"Set de bar forma botella vino";"RTM0574"
"1527";"Multidestacador 5 colores";"RTM0577"
"1528";"Llavero Huincha Plástico";"RTM0578"
"1529";"Set de Oficina";"RTM0579"
"1530";"Set 5 Destacadores Color";"RTM0580"
"1531";"Llavero Limpia lentes";"RTM0581"
"1533";"Mug Cerámica";"RTM0583"
"1535";"Descorchador en caja";"RTM0585"
"1538";"Maletín metálico Set de asado";"RTM0588"
"1539";"Set de manicure";"RTM0589"
"1540";"Carpeta Simil Cuero con Calculadora";"RTM0590"
"1541";"BOLSO DEPORTIVO CON APERTURA SUPERIOR";"RTM0591"
"1543";"Porta Post-it con Calculadora";"RTM0593"
"1544";"Pastillero Mentitas Circular Sin Azúcar";"RTM0594"
"1545";"Pastillero Menta sin azucar";"RTM0595"
"1546";"Tubo ecológico con lápices";"RTM0596"
"1547";"Espejo con set de costura";"RTM0597"
"1549";"Memo clip";"RTM0599"
"1555";"Carpeta Ejecutiva";"RTM0605"
"1560";"Cuaderno con lápiz interior";"RTM0610"
"1563";"Porta clip";"RTM0613"
"1564";"Calendario Perpetuo";"RTM0614"
"1565";"Porta papeles";"RTM0615"
"1566";"Libreta ecológica";"RTM0616"
"1567";"Tubo Mentitas Sin Azucar";"RTM0617"
"1573";"Set de lápices";"RTM0623"
"1574";"Espejo Almeja";"RTM0624"
"1575";"Set de bar bambú en caja";"RTM0625"
"1578";"Martillo Metálico Multiuso";"RTM0628"
"1579";"Cuaderno con lápiz";"RTM0629"
"1580";"Post it Ecológico Porta Taco";"RTM0630"
"1581";"Cuaderno Bamboo con Lápiz";"RTM0631"
"1584";"BOLSO DEPORTIVO NEGRO";"RTM0634"
"1586";"Mochila Urbana";"RTM0636"
"1595";"Memo clip transparencia";"RTM0645"
"1598";"Set de asado en Tubo";"RTM0648"
"1599";"Set de manicure eco cuero negro";"RTM0649"
"1600";"Set de manicure eco cuero";"RTM0650"
"1601";"Set de Herramientas";"RTM0651"
"1602";"Navaja Tipo Suiza";"RTM0652"
"1604";"Libreta ecológica con semilla";"RTM0654"
"1605";"Dulces Tubo de ensayo";"RTM0655"
"1606";"Pastillero Semillas Mani";"RTM0656"
"1607";"Caja de dulces";"RTM0657"
"1608";"Toallas comprimidas";"RTM0658"
"1611";"Post it Ecológico Económico";"RTM0661"
"1612";"Destacador Soft Flúor Plástico";"RTM0662"
"1613";"Pendrive llavero 4GB";"RTM0663"
"1614";"Pastillero con pulsador";"RTM0664"
"1616";"Destacador Nº1";"RTM0666"
"1617";"Set 4 Destacadores de Colores";"RTM0667"
"1618";"COOLER POLIÉSTER";"RTM0668"
"1619";"Soporte iPhone / Celular";"RTM0669"
"1620";"Set de costura silver";"RTM0670"
"1624";"Libreta ecológica con lápiz";"RTM0674"
"1628";"Jabón en lámina";"RTM0678"
"1629";"Toallas comprimidas Pastillas";"RTM0679"
"1630";"Pastillero Metálico Rectangular";"RTM0680"
"1631";"Pastillero Circular 7 Días";"RTM0681"
"1633";"Pendrive Tarjeta 8Gb";"RTM0683"
"1634";"Pendrive mini metálico 8Gb";"RTM0684"
"1636";"Pendrive Ecocuero 8Gb Llavero";"RTM0686"
"1637";"Pendrive giratorio 8Gb";"RTM0687"
"1638";"PENDRIVE GIRATORIO 8GB";"RTM0688"
"1639";"Pendrive llave 8Gb";"RTM0689"
"1640";"Pendrive corcho 8Gb";"RTM0690"
"1643";"Pendrive madera ovalado 8Gb";"RTM0693"
"1644";"Memo Clip Base Cubo";"RTM0694"
"1645";"Paraguas Ejecutivo";"RTM0695"
"1646";"Paraguas Corto";"RTM0696"
"1647";"Capa de Agua";"RTM0697"
"1648";"Mini Guatero de PVC";"RTM0698"
"1649";"Llavero Chile de PVC";"RTM0703"
"1651";"Vuvuzela Vamos Chile";"RTM0705"
"1653";"Set Paletas de Playa 2da Selección";"RTM0707"
"1654";"Frisbee Plástico";"RTM0708"
"1655";"Visera Plástica de PVC";"RTM0709"
"1656";"Esterilla de Playa";"RTM0710"
"1657";"Reposacabeza de Tela";"RTM0711"
"1658";"Bolso de Playa Deluxe";"RTM0712"
"1659";"Bolso de Playa Cancún 36x40cm";"RTM0713"
"1660";"Bolsa Ecológica Yute 35x31x12cm";"RTM0714"
"1661";"Bolso de Playa Rainbow";"RTM0715"
"1662";"Morral Algodón y Poliéster 34x44cm";"RTM0716"
"1663";"Bolso de Playa de Microfibra";"RTM0717"
"1665";"Parasol Vehículo";"RTM0719"
"1666";"Bolso Yute Canvas 45x35x16cm";"RTM0720"
"1670";"Guardatodo PVC Clear";"RTM0724"
"1671";"Toalla de Microfibra en Bolso 33x73cm";"RTM0725"
"1672";"Quitasol";"RTM0726"
"1673";"Pelota Playa Inflable";"RTM0727"
"1674";"Almohada Inflable";"RTM0728"
"1675";"Set Paletas Playa Premium";"RTM0729"
"1677";"Abanico Plástico";"RTM0731"
"1678";"Set Paletas Playa Acrílicas";"RTM0732"
"1682";"Reloj de Pared";"RTM0736"
"1683";"SET ASADO ""2 AMIGOS""";"RTM0737"
"1685";"Linterna LED 4-en-1";"RTM0739"
"1687";"Mini Set De Oficina";"RTM0741"
"1689";"SET ECONÓMICO OFICINA";"RTM0743"
"1693";"Set Herramientas 24 unidades";"RTM0747"
"1695";"Porta-Retrato c/Reloj Digital";"RTM0749"
"1696";"Reloj Despertador";"RTM0750"
"1697";"MUG TÉRMICO METAL Y PLÁSTICO";"RTM0751"
"1698";"PAD MOUSE SIMIL CUERO";"RTM0752"
"1701";"TAZA CORAZÓN CON CUCHARA";"RTM0755"
"1702";"Set de Manicure";"RTM0756"
"1705";"Set Pinceles Maquillaje";"RTM0759"
"1710";"SACACORCHOS ""BOTTLEO""";"RTM0764"
"1711";"Mini Libreta Memo";"RTM0765"
"1712";"Set De Resaltadores Sensation";"RTM0766"
"1715";"MUG TÉRMICO METÁLICO TAPA";"RTM0769"
"1716";"Calculadora Solar";"RTM0770"
"1717";"SET DE VINO BAMBÚ PREMIUM";"RTM0771"
"1718";"SET DE BAR BAMBÚ";"RTM0772"
"1719";"TAZA CERÁMICA CON TAPA";"RTM0773"
"1720";"Botella Plástica Hidratación";"RTM0774"
"1726";"Multi Destornillador Forma Lápiz";"RTM0780"
"1727";"Huincha de Medir con Nivel";"RTM0781"
"1728";"SET DE DIBUJO ""KIDS""";"RTM0782"
"1729";"NAJAVA MULTIUSO";"RTM0783"
"1733";"MUG ACERO INOXIDABLE";"RTM0787"
"1734";"Bolso Cooler 23x16x26cm";"RTM0788"
"1736";"Taza Cuadrada Cerámica";"RTM0790"
"1737";"LINTERNA DESTORNILLADOR 6 EN 1";"RTM0791"
"1738";"MUG TÉRMICO SULER";"RTM0792"
"1740";"MUG METALICO ACERO SILICONA";"RTM0794"
"1742";"Reloj Despertador Minimalista";"RTM0796"
"1748";"Porta Lápices con Reloj";"RTM0802"
"1750";"Regla 20cm con Calculadora";"RTM0804"
"1753";"Descorchador Forma Botella Vino";"RTM0813"
"1754";"Set Posavasos Redondos";"RTM0814"
"1755";"Cuchillo Cerámico Premium";"RTM0815"
"1756";"Pizarra Magnética";"RTM0816"
"1757";"Magne-Clip Casa";"RTM0817"
"1758";"Posavasos de Aluminio";"RTM0818"
"1759";"Set Vino Redondo PU Negro";"RTM0819"
"1760";"Descorchador 3 en 1 Acero";"RTM0820"
"1761";"Revolvedor de Tragos";"RTM0821"
"1762";"Revolvedor de Trago";"RTM0822"
"1763";"Revolvedor Plástico de Tragos";"RTM0823"
"1765";"Destapador Imantado";"RTM0825"
"1766";"Caja de Madera para Vino";"RTM0826"
"1767";"Magne Clip Grande";"RTM0827"
"1768";"Set Posavasos Plásticos Redondos";"RTM0828"
"1769";"Descorchador Profesional Acero";"RTM0829"
"1770";"Set de Vino en Caja Madera";"RTM0830"
"1771";"Puntero Láser Touch Screen";"RTM0831"
"1824";"Bolsa Nonwoven lentes";"RTM0221"
"1826";"Bolsa TNT 11x16.5x4cm";"RTM0222"
"1827";"Bolsa TNT 25x20x8cm";"RTM0233"
"1828";"Bolsa TNT 25x30x8cm";"RTM0241"
"1829";"Bolsa TNT 36x40x10cm";"RTM0247"
"1836";"Bolsa TNT 30x38x8.5cm";"RTM0250"
"1838";"Bolsa TNT 45x38x25cm";"RTM0254"
"1840";"Bolsa TNT 38x45x12cm";"RTM0255"
"1842";"Morral TNT 34x44cm";"RTM0256"
"1844";"Bolsa TNT 36x40cm";"RTM0257"
"1846";"Bolsa TNT 40x30x11cm";"RTM0223"
"1847";"Bolsa TNT 34x44cm";"RTM0224"
"1848";"Pechera TNT Delantal";"RTM0225"
"1849";"Estuche TNT 24x11cm";"RTM0226"
"1850";"Funda TNT 1 Vino";"RTM0227"
"1851";"Funda TNT 2 Vinos";"RTM0228"
"1852";"Funda TNT 4 Vinos";"RTM0229"
"1854";"Cooler Lonchera TNT 19x15x14cm";"RTM0231"
"1855";"Bolsa TNT 33x38x25cm";"RTM0232"
"1857";"Basurin TNT 25x35x10cm";"RTM0234"
"1858";"Basurin TNT 18x28cm";"RTM0235"
"1859";"Bolsa TNT 20x25x7.5cm";"RTM0236"
"1860";"Bolsa TNT 32x40x15cm";"RTM0237"
"1861";"Cooler Grande 33x37x24cm";"RTM0238"
"1862";"Bolso Ecológico TNT 55x36x16cm";"RTM0239"
"1866";"Bolsa TNT 30x40x12cm";"RTM0249"
"1869";"Bolsa Ecológica Chile 30x40x12cm";"RTM0252"
"1873";"Bolsa Ecológica Basurin 18x28cm";"RTM0840"
"1874";"Bolsa Ecológica 30x40x11cm";"RTM0841"
"1875";"Bolsa Sublimación 38x45x12cm";"RTM0842"
"1890";"Bolígrafo Touch Screen";"RTM0464"
"1947";"Set 4 Destacadores Líquidos";"RTM0845"
"1948";"Set Lápices Colores Madera";"RTM0843"
"1949";"Bolígrafo Manito Rascadora Plástico";"RTM0844"
"1950";"Set 3 Destacadores Cera";"RTM0846"
"1955";"Bolígrafo Pendrive 8GB";"RTM0847"
"1973";"Bolígrafo Metálico Encobrizado";"RTM0848"
"1974";"Bolígrafo Encobrizado Metálico";"RTM0849"
"1999";"Mouse Pad Sublimación";"RTM0851"
"2003";"Power Bank Card 2500mAh";"RTM0852"
"2006";"Power Bank Metálico 2200mAh";"RTM0853"
"2024";"Pendrive Llave 4GB";"RTM0855"
"2032";"HUB USB con Reloj Digital";"RTM0856"
"2036";"Llavero Linterna LED";"RTM0857"
"2059";"Mug Encobrizado Con Tapa 440cc";"RTM0858"
"2060";"Termo Cobre 500cc Premium";"RTM0859"
"2063";"Botella Deportiva Chile 750cc";"RTM0547"
"2064";"Tazón Cerámico Bicolor";"RTM0860"
"2065";"Tazón Cerámico Sublimación";"RTM0861"
"2066";"Set Cerámico para Café";"RTM0862"
"2067";"Tazón Cerámico Dorado Sublimación";"RTM0863"
"2068";"Tazón Cerámico Plateado o Dorado";"RTM0864"
"2069";"Tazón Vidrio Empavonado";"RTM0865"
"2070";"Jarro shopero Empavonado Personalizado";"RTM0866"
"2071";"Mug Térmico Blanco Personalizado";"RTM0867"
"2072";"Botella Lata Térmica Para Personalizado";"RTM0868"
"2073";"Botella Térmica Blanca Personalizado";"RTM0869"
"2081";"Reloj de Pared Sublimación";"RTM0870"
"2082";"Llavero Redondo Sublimación";"RTM0871"
"2083";"Llavero Rectangular Sublimación";"RTM0872"
"2084";"Delantal Pechera Sublimación";"RTM0873"
"2086";"Polera Manga Corta Poliéster Hombre";"RTM0874"
"2087";"Polera Manga Corta Poliéster Mujer";"RTM0875"
"2098";"Calendario Perpetuo Metálico";"RTM0876"
"2104";"Libreta de PU";"RTM0877"
"2105";"Libreta Colorskine Tamaño A6";"RTM0878"
"2106";"Cuaderno Colorskine Tamaño A5";"RTM0879"
"2107";"Libreta Whiteskine Tamaño A6";"RTM0880"
"2108";"Cuaderno Whiteskine Tamaño A5";"RTM0881"
"2111";"Carpeta Ejecutiva";"RTM0882"
"2112";"Deluxe Carpeta Windsor";"RTM0883"
"2113";"Carpeta Ejecutiva PU";"RTM0884"
"2140";"Toalla Facial de Microfibra";"RTM0885"
"2164";"Pulsera Silicona 3 Luces LED";"RTM0886"
"2174";"Mochila Cooler de Picnic 4 Personas";"RTM0887"
"2178";"Manta Picnic Impermeable";"RTM0888"
"2180";"Banano Impermeable";"RTM0889"
"2181";"Set Limpia Calzado";"RTM0890"
"2203";"Set Paletas de Playa";"RTM0891"
"2204";"Frisbee Plegable con Funda";"RTM0892"
"2205";"Bolso de Playa Purse";"RTM0893"
"2207";"Paraguas Golf UV";"RTM0894"
"2255";"Funda Reflectante Para Mochila";"RTM0895"
"2307";"Lámpara 30 LED";"RTM0896"
"2318";"Deluxe Asado Set Metálico";""
"2343";"Lanyard Simple";"RTM0045"
"2344";"Lanyard BA Sublimación";"RTM0898"
"2351";"Polera Manga Corta Algodón Mujer";"RTM0900"
"2352";"Polera Manga Corta Algodón hombre";"RTM0899"
"2353";"Banda Reflectante Retráctil";"RTM0901"
"2354";"Chaleco Reflectante Basic";"RTM0902"
"2355";"Chaleco Reflectante Traffic";"RTM0903"
"2356";"Chaleco Reflectante Supervisor";"RTM0904"
"5258";"Magnético Imán 6x4cm grosor 0.35mm";"RTM0905"
"5261";"Magnético Iman Refrigerador 6x4cm";"RTM0906"
"5262";"Magnético Iman Refrigerador 6x5cm";"RTM0907"
"5264";"Imán Magnético Refrigerador 9x6cm";"RTM0908"
"5265";"Magnético Iman Refrigerador 7x7cm";"RTM0909"
"5266";"Imán Magnético Refrigerador 9x6cm";"RTM0910"
"5267";"Magnético Imán Refrigerador 9x6cm";"RTM0911"
"5268";"Magnético Imán Refrigerador 5x7cm";"RTM0912"
"5277";"Dulces Gomita";"RTM0913"
"5278";"ENCOCADOS 4 unidades";"RTM0914"
"5279";"ESTUCHE TRUFAS";"RTM0915"
"5283";"PIRAMIDE GOMÓN YOGURT";"RTM0916"
"5285";"SET HERRAMIENTAS JARDÍN";"RTM0917"
"5291";"Libreta Eco Con Tapa y Lápiz Interior";"RTM0918"
"5292";"Cuaderno Ecológico con Lápiz";"RTM0919"
"5293";"Libreta Notas Ecológica";"RTM0920"
"5294";"Estuche Ecológico Taco Post-it";"RTM0921"
"5295";"Cuaderno Ecológico con lápiz";"RTM0922"
"5296";"Pendrive 16GB Giratorio";"RTM0923"
"5300";"Llavero Multiuso Económico";"RTM0924"
"5301";"Morral Deportivo Poliéster";"RTM0925"
"5303";"Set Llavero y Tarjetero Metal Eco Cuero";"RTM0926"
"5304";"Pendrive 8GB  Giratorio Negro";"RTM0927"
"5305";"Pendrive Goma 8GB";"RTM0928"
"5306";"Mochila Plegable Poliéster";"RTM0929"
"5324";"Pendrive Pulsera 8GB";"RTM0930"
"5328";"Pendrive Bambú 8GB";"RTM0932"
"5330";"Lápiz Pendrive Láser 8GB";"RTM0933"
"5338";"Multiple Conector USB";"RTM0934"
"5340";"Pendrive Tarjeta Bambú 8Gb";"RTM0935"
"5392";"Morral Poliéster 34x40cm";"RTM0568"
"5409";"Tablas de Cocina Plástico";"RTM0931"
"5411";"Set Cocina Para Adobar";"RTM0936"
"5413";"Especiero Imantado Acero";"RTM0937"
"5418";"Tabla picar con cuchillo y tenedor";"RTM0938"
"5420";"Mochila Porta Notebook";"RTM0939"
"5422";"Palo Selfie Bastón Mini";"RTM0940"
"5424";"Bolso deportivo económico";"RTM0941"
"5427";"Bolsa Compras Ecológica 42X47,5cm";"RTM0942"
"5429";"Lámpara Led Retro";"RTM0943"
"5431";"Mochila Plegable Resistente";"RTM0944"
"5438";"Bolsa Nonwoven 40x30x10cm";"RTM0945"
"5440";"Bolsa Nonwoven 25x30x9cm";"RTM0946"
"5441";"Guardatodo Impermeable Móviles/Objetos";"RTM0947"
"5444";"Set Guante y Agarradera Cocina";"RTM0948"
"5453";"Brazalete Deportivo Neopreno";"RTM0949"
"5455";"Maletín Morral Mochila Porta Notebook";"RTM0950"
"5458";"Set Herramientas 19 piezas";"RTM0951"
"5460";"Mouse Pad Simil Cuero";"RTM0952"
"5465";"Carpeta Simil Cuero Ejecutiva";"RTM0953"
"5467";"Salero Pimentero Cerámica";"RTM0954"
"5470";"Kit Solar Escritorio Juegos";"RTM0955"
"5473";"Set de Asado en Estuche";"RTM0956"
"5476";"Set Estuche Niños";"RTM0957"
"5479";"Soporte Celular Bicicleta";"RTM0958"
"5481";"Libreta Ecológica 50 hojas";"RTM0959"
"5483";"Mochila Terreno";"RTM0960"
"5486";"Delantal Cocina 100% Algodón";"RTM0961"
"5489";"Audífonos Económicos";"RTM0962"
"5492";"Mochila Treet Colors";"RTM0963"
"5494";"Memo Box Simil Cuero Destacadores";"RTM0964"
"5496";"Juego de Destreza";"RTM0965"
"5499";"Set Tabla Madera Quesos";"RTM0812"
"5502";"Set Parrillero Stainless Steel";"RTM0810"
"5506";"Set de Asado Personal Bambú";"RTM0809"
"5514";"Juego de Asado Bambú";"RTM0808"
"5519";"Caja de Madera para Vino";"RTM0966"
"5523";"Set Manicure Viajes";"RTM0967"
"5529";"Cooler Antartida Handy Dunlop";"RTM0968"
"5533";"Mochila Spectrum Dunlop";"RTM0969"
"5547";"Mochila Pegasus Dunlop";"RTM0970"
"5554";"Bolso de Viaje Promocional";"RTM0972"
"5559";"Bolso Elbrus Bag";"RTM0973"
"5561";"Porta Traje Viajes";"RTM0974"
"5565";"Delantal Parrilla Salero y Pimentero";"RTM0975"
"5567";"Tabla Picar Bambú";"RTM0976"
"5620";"Carpeta Ecológica Post It Lápiz";"RTM0977"
"5623";"Tubo ecológico con 6 lápices";"RTM0978"
"5630";"Taco Ecológico Post-It";"RTM0979"
"5634";"REGLA ECOLÓGICA";"RTM0980"
"5638";"REGLA ECOLÓGICA";"RTM0981"
"5642";"Tubo Triangular Ecológico";"RTM0982"
"5646";"Tubo ecológico 4 lápices";"RTM0983"
"5649";"AGENDA ECOLÓGICA";"RTM0984"
"5670";"LIBRETA ECOLÓGICA VERDE CON LÁPIZ";"RTM0985"
"5674";"Destapador Metálico Doble Filo";"RTM0988"
"5681";"RADIO PULSÓMETRO";"RTM0989"
"5686";"Llavero Multi Herramientas";"RTM0990"
"5690";"Set de Calzado Estuche Cuero";"RTM0991"
"5696";"Espejo con peineta";"RTM0992"
"5712";"Espejo de Bolsillo";"RTM0993"
"5719";"SET DE CALZADO";"RTM0994"
"5725";"Cepillo con Espejo";"RTM0995"
"5740";"CARPETA CON CALCULADORA";"RTM0996"
"5750";"Tarjetero Metálico";"RTM0997"
"5751";"RELOJ REGLA";"RTM0998"
"5775";"Carpeta con Calculadora";"RTM1044"
"5778";"CALCULADORA TIPO IPHONE";"RTM1000"
"5781";"CALCULADORA";"RTM1001"
"5791";"Caramayola Deportiva Tapa Acero";"RTM1002"
"5806";"BOLSA INFLABLE PLAYERA";"RTM1003"
"5811";"Caramayola Azul y Rojo";"RTM1004"
"5814";"Botella Aluminio Deportiva 750ml";"RTM1005"
"5839";"Toalla en Estuche Gimnasio";"RTM1006"
"5855";"Tabla Redonda Para Quesos";"RTM1007"
"5866";"Set de Asado con Estuche";"RTM1008"
"5872";"DESCORCHADOR BAMBÚ EN CAJA";"RTM1009"
"5883";"Caja Madera para Vino";"RTM1010"
"5892";"Llavero Cuadrado Bambú";"RTM1011"
"5901";"Lápiz Ecológico Dual";"RTM1014"
"5917";"Bolígrafo Ecológico Bamboo Touch";"RTM1015"
"5919";"Lápiz de Cartón con Destacador";"RTM1012"
"5920";"Lápiz Ecológico de Bambú";"RTM1013"
"5951";"Mini Parrilla Redonda";"RTM1016"
"5970";"Set Cubiertos Completo Plástico";"RTM1017"
"5992";"Termo Metálico con Funda";"RTM1018"
"5997";"Neceser Colgante";"RTM1019"
"6015";"Botella Flexible Plástico 480cc";"RTM1020"
"6025";"SET NAVAJA CON LINTERNA";"RTM1021"
"6030";"Neceser Bolso Colgante";"RTM1022"
"6035";"Candado Viaje";"RTM1023"
"6043";"Juego cuchilla y trincheta asado";"RTM1024"
"6052";"MARTILLO MULTIFUNCIÓN ACERO";"RTM1025"
"6060";"Bolsa Non Woven 36x30x9cm";"RTM1027"
"6089";"Guincha Medir Retráctil";"RTM1028"
"6123";"SET DE VELAS ""2 CORAZONES""";"RTM1030"
"6174";"Maletín Portadocumentos Poliéster";"RTM1031"
"6179";"Bolso Viaje Gimnasio";"RTM1032"
"6205";"Mochila Porta Notebook Poliéster";"RTM1033"
"6207";"Mochila Maletín Porta Notebook";"RTM1034"
"6211";"Banano Poliéster 33x14,5cm";"RTM1035"
"6236";"Carpeta Porta Documentos";"RTM1036"
"6241";"Morral Poliéster 30x42cm";"RTM1037"
"6242";"Bolso deportivo";"RTM1038"
"6248";"CARPETAS MICROFIBRA";"RTM1039"
"6256";"CARPETAS MICROFIBRA Elástico";"RTM1040"
"6262";"Bolso deportivo viajes";"RTM1041"
"6268";"CARPETA CON CLIP GRANDE";"RTM1042"
"6281";"Mochila Porta Notebook Poliéster";"RTM1043"
"6299";"Mochila Viva Poliéster";"RTM1045"
"6305";"CARPETA CON SIERRE";"RTM1046"
"6308";"Tazón Mágico Battery";"RTM1047"
"6313";"TAZA MAGICA WIFI";"RTM1048"
"6318";"Botella con Enfriador Plástico";"RTM1049"
"6330";"Botella Plástica con Grip";"RTM1050"
"6405";"Mug Térmico Metálico";"RTM1051"
"6419";"Vaso Plástico Grip";"RTM1052"
"6435";"Resaltador Base Triangular";"RTM1053"
"6440";"Tarjetero Metálico Con Vinilo";"RTM1054"
"6445";"Cilindro Lápices Colores";"RTM1055"
"6448";"Destacador con Base Ovalado";"RTM1056"
"6451";"Destacador con Base Triangular";"RTM1057"
"6453";"Resaltador Kit Limpieza PC";"RTM1058"
"6459";"Cuaderno ecológico Post It";"RTM1059"
"6466";"Memo Box Espiral";"RTM1060"
"6471";"Memo Folder ""Stick""";"RTM1061"
"6483";"Set de Escritorio Ecológico";"RTM1062"
"6492";"Clips Magnéticos ""People""";"RTM1063"
"6504";"Power Bank Solar 6000 mAh";"RTM1064"
"6518";"Parlante Lámpara Bluetooth";"RTM1065"
"6522";"Power Bank 4000 MaH";"RTM1066"
"6526";"Manopla Cocina Parrilla Tosha";"RTM1068"
"6534";"Agarrador Silicona Bandejas";"RTM1069"
"6552";"Delantal Plegable Estuche Sopex";"RTM1071"
"6559";"Power Bank Keox 2000 mAh";"RTM1072"
"6570";"Power Bank Ventur 2000 mAh";"RTM1073"
"6573";"Cargador Auto USB Doble Denom";"RTM1074"
"6581";"Parlante Bluetooth Ducha";"RTM1075"
"6590";"Soporte Celulares Forma Zapato";"RTM1076"
"6597";"Soporte Trípode Tablet";"RTM1077"
"6604";"Set Cuchillos Acero Bakiser";"RTM1078"
"6608";"Soporte Celulares Smaner";"RTM1079"
"6615";"Portatodo Táctil";"RTM1080"
"6626";"DELANTAL RESTORANT";"RTM1070"
"6640";"Set Selfie Bastón Palo Lentes";"RTM1081"
"6646";"Set Limpieza Dental Niños";"RTM1082"
"6654";"BOLIGRAFO PUBLICITARIO DEXIR";"RTM1083"
"6664";"BOLIGRAFO CORCHO CON FUNDA";"RTM1084"
"6669";"Mochila Plegable Ripstop";"RTM1085"
"6676";"Mochila Plegable Forma Animales";"RTM1086"
"6681";"CARAMAYOLA DEPORTIVA";"RTM1087"
"6689";"Lentes Sol con Visera Protección UV";"RTM1088"
"6695";"Estuche Dibujo Trinen";"RTM1089"
"6701";"Bolsa Yute Mango Madera";"RTM1090"
"6703";"Podómetro Deportivo";"RTM1091"
"6711";"Botella Batidos de Tritan";"RTM1092"
"6717";"Pulsera Poliéster Cierre de Seguridad";"RTM1093"
"6727";"Camisa Blanca Trevira";"RTM1094"
"6730";"Camisa Trevira Cuello Paloma";"RTM1095"
"6735";"Camisa Trevira Doble Puño";"RTM1096"
"6738";"Camisa Trevira Blanca";"RTM1097"
"6740";"Camisa Trevira Manga Larga";"RTM1098"
"6745";"Camisa Trevira Color";"RTM1099"
"6747";"Camisa Trevira Negro";"RTM1100"
"6749";"Camisa Oxford Manga Larga";"RTM1101"
"6751";"Camisa Oxford Bolsillo Suelto";"RTM1102"
"6753";"Camisa Oxford Bolsillo Pegado";"RTM1103"
"6755";"Camisa Oxford Manga Corta";"RTM1104"
"6757";"Camisa Denim 2 Bolsillos";"RTM1105"
"6759";"Blusa Trevira Color";"RTM1106"
"6761";"Blusa Oxford Manga Larga";"RTM1107"
"6763";"Blusa Oxford Manga Corta";"RTM1108"
"6765";"Pantalón Gabardina Algodón Pinzas";"RTM1109"
"6767";"Pantalón Gabardina Algodón";"RTM1110"
"6780";"Sombrero Cubano Poliéster";"RTM1111"
"6809";"Lentes de Sol Xaloc Protección UV";"RTM1112"
"6851";"Ventilador USB";"RTM1113"
"6855";"Portatodo Impermeable táctil";"RTM1114"
"6864";"Portatodo Impermeable táctil PVC";"RTM1115"
"6914";"Estuche Ecológico de Lino";"RTM1116"
"6917";"Botella Plástico Frozen";"RTM1117"
"6922";"Porta Lápiz Contenedor";"RTM1118"
"6974";"Vaso Botella Cerveza";"RTM1125"
"6983";"Organizador Escritorio";"RTM1126"
"6990";"Set de baño";"RTM1127"
"6996";"Lentes de realidad virtual";"RTM1130"
"6997";"Sombrero Cubano Poliéster";"RTM1128"
"7006";"Sombrero Mujer Yuca";"RTM1129"
"7021";"Kit de Carga y Audio";"RTM1131"
"7026";"Jabón Artesanal con micro pallet";"RTM1132"
"7103";"Termo Metálico Cobre";"RTM1133"
"7106";"Termo Metálico Botella";"RTM1134"
"7114";"Cambiador para bebes";"RTM1135"
"7123";"Set ecológico oficina";"RTM1136"
"7165";"Bolsa Metalizada Nonwoven 40x33x16cm";"RTM1137"
"7207";"Gorra Lino Danae";"RTM1138"
"7212";"Funda Cooler Espumante";"RTM1139"
"7222";"Set vino simil cuero LEATHER";"RTM1140"
"7226";"Chaqueta Micropolar Hombre";"RTM1141"
"7233";"Chaqueta Micropolar Mujer";"RTM1142"
"7478";"Paraguas Publicitario";"RTM1143"
"7494";"Mochila Poliéster NEW SPORT";"RTM1144"
"7506";"Capa Lluvia Niños";"RTM1145"
"7513";"Jockey Gorro Polar";"RTM1146"
"7524";"Pantuflas Poliéster";"RTM1147"
"7554";"Cuello Poliéster Running";"RTM1148"
"7563";"Bolsa Térmica Guatero";"RTM1149"
"7570";"Guatero publicitario";"rtm1150"
"7575";"SECADOR PELO PLEGABLE - CERTIFICADO";"rtm1151"
"7855";"Porta Celulares Tarjetero";"RTM1152"
"7870";"Canasto Picnic 2 Personas";"RTM1153"
"7874";"Canasto Picnic Ovalado";"RTM1154"
"7879";"Canasto Picnic 4 Personas";"RTM1155"
"7886";"Mochila con Piso Todo Terreno";"RTM1156"
"7892";"Canasto Picnic 4 Personas";"RTM1157"
"7896";"Canasto Picnic 2 Personas";"RTM1158"
"7902";"Llavero Metálico Zapato Fútbol";"RTM1159"
"7905";"Llavero Metálico Destapador Fútbol";"RTM1160"
"7909";"Carro Golf Miniatura Escritorio";"RTM1161"
"7916";"Set Tees Golf";"RTM1162"
"7932";"Pañuelos Desechables";"RTM1163"
"7934";"Pastillero 7 Días Colores";"RTM1164"
"7941";"Identificador Copas Condif";"RTM1165"
"7944";"Llavero ""Me Gusta"" Acero";"RTM1166"
"7961";"Set Golf Metálico";"RTM1167"
"7963";"Tarjeta Recortable Tee Golf";"RTM1168"
"7966";"Divot Golf Plástico Rígido";"RTM1169"
"7969";"PELOTA DE GOLF";"RTM1170"
"7974";"Set Utensilios Cocina Acero Inoxidable";"RTM1171"
"7976";"Set de Cocina Flexible";"RTM1172"
"7995";"Gorro Reversible de Nylon y Polar";"RTM1173"
"8056";"MINI PARRILLA TRANSPORTABLE";"RTM1174"
"8066";"GORRO Y DELANTAL CHEF";"RTM1175"
"8107";"SET BAR FORMA COPA";"RTM1176"
"8112";"Bota de Vino Cuero";"RTM1177"
"8116";"Set de Bar forma Libro";"RTM1178"
"8120";"Sacacorchos Premium";"RTM1179"
"8128";"Coctelera Translúcida 300ml";"RTM1180"
"8135";"Porta Botellas Polipiel";"RTM1181"
"8139";"Frasco con Bombilla 600ml";"RTM1182"
"8159";"Vaso con Bombilla 450ml";"RTM1183"
"8166";"Exprimidor de Limones";"RTM1184"
"8173";"Set de Cubiertos Desmontables";"RTM1185"
"8179";"Ensaladera Desmontable";"RTM1186"
"8185";"Cuchara de Madera Bambú";"RTM1187"
"8189";"Gorro Chef Algodón-Poliéster";"RTM1188"
"8195";"Hielera Bar";"RTM1189"
"8203";"Carro de Compras Plegable";"RTM1190"
"8244";"Destapador Llavero";"RTM1191"
"8252";"Destapador Imantado Tronic";"RTM1192"
"8260";"Bolsa Cooler Gel PVC";"RTM1193"
"8267";"Bolsa Algodón con Asas 37x41x0cm";"RTM1194"
"8275";"Bolsa Algodón Colores 36x40cmx0cm";"RTM1195"
"8282";"Bolsa Yute Colores 44,5x35x14cm";"RTM1196"
"8290";"Bolsa Fibra Yute Colores 33,5x30x13cm";"RTM1197"
"8312";"Bolsa Plegable Frutas";"RTM1198"
"8321";"Bolsa Plegable Sandía y Limón";"RTM1199"
"8331";"Vaso Plástico Con Tapa";"RTM1200"
"8345";"Llavero Pez";"RTM1201"
"8353";"Llavero Bicicleta";"RTM1202"
"8359";"Parlante Bluetooth Helber";"RTM1203"
"8369";"Parlante Bluetooth Braiss";"RTM1204"
"8381";"Parlante Bluetooth Morals";"RTM1205"
"8391";"Pulsera Promocional Forma Cierre";"RTM1206"
"8401";"Pulsera Promocional de Cuero";"RTM1207"
"8411";"Pulsera Promocional Cuero Flúor";"RTM1208"
"8418";"Pulsera Promocional Fibra Sintética Niños";"RTM1209"
"8424";"Pulsera Promocional PVC con Broche";"RTM1210"
"8433";"Pulsera Promocional Fibra Sintética";"RTM1212"
"8445";"PULSERA PROMOCIONAL FORRADA";"RTM1213"
"8452";"Pulsera Promocional Acero Silicona";"RTM1214"
"8457";"Pulsera Promocional Juvenil PVC";"RTM1215"
"8463";"Bolso Promocional de Mano";"RTM1216"
"8471";"Bolso Promocional de PVC";"RTM1217"
"8476";"Bolso Promocional Poliéster Drako";"RTM1218"
"8484";"Bolso Promocional Poliéster Sendur";"RTM1219"
"8490";"Bolso Promocional Poliéster Ruedas";"RTM1220"
"8498";"Bolso de Poliéster Premium";"RTM1221"
"8507";"Lentes de Sol M Con Protección UV";"RTM1222"
"8516";"Lentes de Sol Z Con Protección UV";"RTM1223"
"8535";"Lentes de Sol W Con Protección UV";"RTM1224"
"8543";"Lentes de Sol A Con Protección UV";"RTM1225"
"8550";"Lentes de Sol L Con Protección UV";"RTM1226"
"8555";"Lentes de Sol Plegables Con Protección UV";"RTM1227"
"8564";"Lentes de Sol  B Con Protección UV";"RTM1228"
"8571";"Lentes de Sol N Con Protección UV";"RTM1229"
"8580";"Lentes de Sol Q Con Protección UV";"RTM1230"
"8585";"Lentes de Sol D Con Protección UV";"RTM1231"
"8593";"Lentes de Sol J Metal Protección UV";"RTM1232"
"8599";"Lentes de Sol Mágicos Protección UV";"RTM1233"
"8604";"Lentes de Sol Len Protección UV";"RTM1234"
"8611";"Lentes de Sol Tom Protección UV";"RTM1235"
"8619";"Lentes de Sol Redondos Protección UV";"RTM1236"
"8940";"Polera Manga Corta Poliéster Mujer";"RTM1237"
"8951";"Polera Manga Corta Mujer";"RTM1238"
"8958";"Porta Tarjeta Para Celular";"RTM1239"
"8999";"Bolsa para Supermercado Eco 35x36x26cm";"RTM1240"
"9014";"Bolsa para Supermercado Eco 37x48x26cm";"RTM1241"
"9033";"Set Asado 4 en 1";"RTM1242"
"9041";"Mochila Impermeable";"RTM1243"
"9073";"Pendrive Circular 8GB";"RTM1244"
"9078";"Pendrive Madera 8GB";"RTM1245"
"9092";"Pendrive Mini 8GB";"RTM1247"
"9099";"Pendrive Colgante 8GB";"RTM1248"
"9104";"Pendrive Mini 16GB";"RTM1250"
"9114";"Pendrive madera ovalado 16GB";"RTM1251"
"9116";"Pendrive Pulsera 16GB";"RTM1252"
"9125";"Pendrive Ecocuero 16GB";"RTM1253"
"9137";"Pendrive Goma 16GB";"RTM1254"
"9143";"Pendrive Tarjeta 16GB";"RTM1255"
"9149";"Pendrive Bambú 16GB";"RTM1256"
"9155";"Pendrive Giratorio 16GB";"RTM1257"
"9158";"Pendrive Ecocuero 8GB";"RTM1258"
"9163";"Power Bank Multifuncional 2600 Mah";"RTM1259"
"9170";"POWER BANK MULTIFUNCIONAL 2600 MAH (copia)";"RTM1259-1"
"9171";"Power Bank 4000 Mah";"RTM1260"
"9198";"Mug Plástico 350ml";"RTM1261"
"9208";"Delantal Set Parrillero";"RTM1262"
"9213";"Cuchillo Cerámica";"RTM1263"
"9229";"Descorchador Acero Inoxidable";"RTM1264"
"9233";"Set de bar simil cuero";"RTM1265"
"9239";"Guante de Cocina con Silicona";"RTM1266"
"9248";"Botella Plástica Tapa Rosca";"RTM1267"
"9253";"Set de Escritorio de Bambú";"RTM1268"
"9260";"Destapador Spinner";"RTM1269"
"9270";"Morral Poliéster con Cierre 34x44cm";"RTM1270"
"9298";"Botella Shake It";"RTM1271"
"9312";"Botella Aluminio 400ml Deportiva";"RTM1272"
"9334";"Mochila Ciclistas Led";"RTM1273"
"9400";"Posavasos Destapador";"RTM1274"
"9422";"Set Ajedrez y Bar";"RTM1275"
"9434";"Destapador Pala Encobrizado";"RTM1276"
"9564";"Tirabuzón Metálico Encobrizado";"RTM1277"
"9576";"Set Camping Metálico";"RTM1278"
"9585";"Maletín metálico 6 Personas";"RTM1279"
"9618";"Set de Herramientas Auto 19 piezas";"RTM1280"
"9658";"Lápiz Pasta de Bambú Misuri";"RTM1281"
"9763";"Tabla de Madera Mango Metálico";"RTM1282"
"9803";"Botella Aluminio Blanca 710ml";"RTM1283"
"9811";"Botella Plástica Splash 500cc";"RTM1284"
"9828";"Botella Plástica Bicicleta 700cc";"RTM1285"
"9831";"Gorro Lana con Bluetooth";"RTM1286"
"9854";"Audífonos Alta Fidelidad";"RTM1287"
"9869";"BOLSA COMPRAS PLEGABLE";"RTM1288"
"9883";"BOLSA COMPRAS CON TIRANTES";"RTM1289"
"9899";"Toalla Facial Microfibra en Bolso 31x31cm";"RTM1290"
"9911";"BOLSA DE COMPRAS PLEGABLE POLIÉSTER";"RTM1291"
"9916";"Audífonos con Micrófono Tubo";"RTM1292"
"9943";"Set de Especias";"RTM1293"
"9949";"KIT DE SIEMBRA";"RTM1294"
"9954";"BOTIQUÍN ECOLÓGICO";"RTM1295"
"9962";"Morral Cooler Poliéster 29,5X39CM";"RTM1296"
"9975";"Libreta con semilla";"RTM1297"
"10004";"Polera Manga Corta Cuello V Poliéster Hombre";"RTM1298"
"10015";"Polera Manga Corta Cuello Polo Poliéster Hombre";"RTM1299"
"10096";"Cooler de Poliéster 27x19x14cm";"RTM1300"
"10113";"Jockey Malla";"RTM1301"
"10129";"Jockey Algodón 5 paneles Frente Lisa";"RTM1302"
"10139";"Set Herramientas 22 piezas";"RTM1303"
"10146";"Set Herramientas Portable 19 piezas";"RTM1304"
"10152";"Libreta de Corcho";"RTM1305"
"10161";"Navaja Multipropósitos";"RTM1306"
"10168";"Llavero con Herramientas";"RTM1307"
"10178";"Manta Picnic De Polar";"RTM1308"
"10185";"Maletín Poliéster 600D";"RTM1309"
"10195";"LLAVERO RUNNER";"RTM1310"
"10210";"Lentes de Sol Protección UV";"RTM1311"
"10237";"Paletas de Playa";"RTM1312"
"10246";"Maleta Con Ruedas 360°";"RTM1313"
"10263";"Mug Cobre 550cc";"RTM1314"
"10269";"Mug Encobrizado Martillado 550cc";"RTM1315"
"10276";"Set 4 Mugs Encobrizados";"RTM1316"
"10283";"Audífonos Bluetooth";"RTM1317"
"10292";"Power Bank Aluminio 2200MaH";"RTM1318"
"10317";"Candado para Bicicleta";"RTM1319"
"10323";"CANDADO PARA BICICLETA (copia)";"RTM1320"
"10324";"Botella Deportiva Frutas";"RTM1321"
"10331";"Mini Carpa de Playa";"RTM1322"
"10350";"Bolsa Algodón 38x41cm";"RTM1323"
"10357";"Bolsa Yuco 38x40cm";"RTM1324"
"10362";"Bolsa Algodón Color 38x41cm";"RTM1325"
"10376";"Bolsa Algodón 39x39x19cm";"RTM1326"
"10389";"Bolsa Algodón 40x40x20cm";"RTM1327"
"10408";"Saco de Algodón 14x19cm";"RTM1328"
"10413";"Saco de Algodón 20x29cm";"RTM1329"
"10417";"Saco de Algodón 28x34cm";"RTM1330"
"10422";"Morral Algodón 38x41cm";"RTM1331"
"10425";"Bolsa de Algodón 39x39x19cm";"RTM1332"
"10430";"Bolsa Algodón 60x40x19cm";"RTM1333"
"10435";"Bolso de Algodón 50x25cm";"RTM1334"
"10437";"Bolsa de Algodón 23x30cm";"RTM1335"
"10442";"Bolsa de Algodón 38x44cm";"RTM1336"
"10451";"Bolsa de Algodón 47x38x18cm";"RTM1337"
"10458";"Botella para Batidos";"RTM1338"
"10464";"Mochila de Algodón 33x44cm";"RTM1339"
"10472";"Bolsa de Yuco 38x40cm";"RTM1340"
"10477";"Bolsa de Yute 35x40cm";"RTM1341"
"10480";"Bolsa de Yute 38x42cm";"RTM1342"
"10485";"Bolsa de Yute 38x40x20cm";"RTM1343"
"10489";"Bolsa de Yute 58x40x20cm";"RTM1344"
"10493";"Funda 1 botella negro";"RTM1345"
"10497";"Funda 1 botella crudo";"RTM1346"
"10503";"Funda 2 botellas negro";"RTM1347"
"10507";"Funda 2 botellas crudo";"RTM1348"
"10534";"Cuaderno de Corcho 80 hojas A5";"RTM1349"
"10539";"Cuaderno Bicolor PU 80 hojas";"RTM1350"
"10545";"Libreta de Tela Lino 9x14x1,3cm";"RTM1351"
"10550";"Libreta de Tela 14,7x21,1x1,3cm";"RTM1352"
"10551";"Libreta PU café 9x14x1,5cm";"RTM1353"
"10561";"Libreta PU café 14,7x21,1x1,5cm";"RTM1354"
"10573";"Power Bank 4000 MAH plástico";"RTM1355"
"10579";"Parlante bluetooth cuadrado";"RTM1356"
"10585";"Parlante bluetooth con colgante";"RTM1357"
"10592";"Set de manicura con estuche organizador";"RTM1358"
"10597";"Libreta de corcho y PU 80 hojas";"RTM1359"
"10603";"Bolígrafo metálico negro";"RTM1360"
"10641";"Bolígrafo Metálico Plata";"RTM1361"
"10700";"Morral Poliéster Deportes 34x41 cm";"RTM1362"
"10710";"Morral TNT Deportivo 33x42cm";"RTM1363"
"10732";"Cuaderno con Post it y Regla";"RTM1364"
"10795";"BOTELLA DE ALUMINIO 800 ml";"RTM1365"
"10802";"BOTELLA DEPORTIVA CON FUNDA 450ML";"RTM1366"
"10815";"BOTELLA DE ALUMINIO BLANCA 800 ml";"RTM1367"
"10819";"BOTELLA DEPORTIVA PLÁSTICA 670 ML";"RTM1368"
