sku;Nombre;precio
RTM0096;Canasto SPA Grande;3999
RTM0100;Canasto SPA Redondo;3640
RTM0114;Pendrive Cartón 4GB;5999
RTM0197;Set 15 Bolsitas de Basura;729
RTM0364;Llavero Cuadrado Linterna LED Dínamo;1839
RTM0399;Linterna Dinamo Con LED;1839
RTM0548;Botella Flexible 480cc Eco;1399
RTM0549;Set Ecológico de Oficina;1599
RTM0671;Libreta Ecológica Lápiz 50 hojas;699
RTM0677;Portalápices Ecológico Plegable;849
RTM0682;Taco Ecológico 180 hojas;1299
RTM0560;Memo Set Ecológico con Bolígrafo;1090
RTM0575;Cuaderno Ecológico Lápiz Troquelado;1599
RTM0582;Set de Banderitas Adhesivas;239
RTM0584;Porta Post it Ecológico;449
RTM0587;Cuaderno Ecológico 1/2 Oficio;1399
RTM0604;Cuaderno Ecológico Tapa Dura 70 hojas;1399
RTM0612;Carpeta Ecológica Maletín;1829
RTM0622;Libreta Ecológica Tapa Dura 80 Hojas;1199
RTM0627;Cuaderno Ecológico Tapa Dura;1399
RTM0832;Libreta Memo Eco Cuero;3990
RTM0833;Memo Set Ecológico con Regla;499
RTM0834;Memo Set Ecológico con Bolígrafo;729
RTM0835;Memo Set Ecológico con Tapa Dura;1099
RTM0836;Memo Set Ecológico Grande;999
RTM0837;Memo Set Ecológico con Lápiz;699
RTM0838;Regla de Madera 30cm;229
RTM0675;Libreta Ecológica 70 hojas;769
RTM0718;Bolso Playa UV;2979
RTM0721;Bolsa tirantes algodón;2589
RTM0722;Bolso Marinero Algodón;3199
RTM0723;Bolso Marinero Algodón Colores;2590
RTM0806;Calculadora Solar Traslúcida;1399
RTM0734;Linterna 3 LED con Dínamo;2979
RTM0735;Linterna Dínamo LED USB;8459
RTM0824;Set Tabla Para Quesos Imantada;8890
RTM0076;Lápiz Roller Bambú;3299
RTM0077;Bolígrafo Set Bambú con caja;6299
RTM0079;Lápiz Bambú Clip Metálico;599
RTM0080;Lápiz Bambú Touch Screen;599
RTM0081;Lápiz Bambú Metal;3299
RTM0078;Lápiz Ejecutivo Bambú;2899
RTM0082;Lápiz Bambú Roller;4299
RTM0083;Set Bolígrafo Bambú con caja;6709
RTM0084;Lápiz Bambú Enviro;2899
RTM0085;Estuche Porta Lápiz de Bambú;3290
RTM0087;Parlante de Bambú USB;14889
RTM0088;Teclado de Bambú;28890
RTM0089;USB Mouse de Bamboo;12990
RTM0090;HUB 4 Puertos USB de Bamboo;6590
RTM0091;Calculadora Solar de Bambú;10899
RTM0092;Calculadora de Bambú;14069
RTM0093;Reloj de Pared de Bamboo;22990
RTM0094;Set Bambú Pad Mouse;12709
RTM0095;Pendrive 4GB de Bambú;9099
RTM0850;Reloj Despertador Bambú;7699
RTM0097;Tazón de Bambú 350cc;6390
RTM0098;Mug de Bambú 420cc;6990
RTM0099;Tazón Cervecero de Bambú;7590
RTM0839;Termo Madera Bambú 500cc;10679
RTM0101;Descorchador Vinos de Bambú;4690
RTM0102;Set de Vino de Bambú;10890
RTM0105;Tarjetero de Bambú;3699
RTM0106;Memo Clip de Bambú;1590
RTM0107;Tarjetero de Bambú;4999
RTM0384;Llavero Bambú Redondo;999
RTM0420;Lápiz Bambú Con Estuche;509
RTM0496;Lápiz de Bambú Panda;299
RTM0637;Cuaderno Con Lápiz de Bambú;2899
RTM0646;Libreta Con Lápiz Bambú;2890
RTM0986;Memo Post It Bambú;799
RTM0659;Cuaderno de Bambú;4899
RTM0026;Lanyard Tela Lisa;259
RTM0028;Porta Credencial de Acrílico;509
RTM0029;Porta Credencial Horizontal;389
RTM0030;Porta Credencial Vertical PVC;349
RTM0031;Porta Credencial con Colgador;559
RTM0032;Lanyard Reflectante;429
RTM0033;Llavero Lanyard Mosquetón;549
RTM0034;Porta Credencial con Lanyard;369
RTM0035;Llavero Lanyard con Mosquetón;368
RTM0036;Llavero Mosquetón y Extensor;849
RTM0038;Lanyard Porta-Botella Sublimacion;759
RTM0039;Lanyard Porta Llavero;319
RTM0040;"Lanyard Porta Credencial ""Fair""";559
RTM0041;Pulsera Promocional Poliéster;209
RTM0042;Porta Credencial Acrílico;489
RTM0043;Pulsera Promocional de PVC;144
RTM0044;Lanyard Porta Credencial;379
RTM0046;Lanyard Porta Credencial Clásico;389
RTM0047;Lanyard Porta Credencial;389
RTM0048;Lanyard Premium Texturado;439
RTM0049;Porta Credencial PVC Grande;499
RTM0050;Identificador de Aluminio;499
RTM0051;Yo-yo Porta Credencial;519
RTM0052;Porta Credencial de Plástico;339
RTM0053;Set de Manicure tarjeta;2599
RTM0054;Cosmetiquero Grande PVC;1540
RTM0055;Espejo con Reloj Digital;1599
RTM0056;Espejo Frozen con Tapa;299
RTM0057;Espejo de Aluminio Cuadrado;799
RTM0058;Set de Manicure Metálico;3399
RTM0059;Colgador de Carteras;1699
RTM0060;Pastillero Trizone;229
RTM0061;Masajeador estrella;899
RTM0062;Pastillero Redondo 7 compartimientos;1360
RTM0063;Necessaire de microfibra con PVC;2399
RTM0064;Cosmetiquero de PVC;829
RTM0065;Mini Set de Costura;799
RTM0066;Bolsa de PVC;829
RTM0067;Colgador de Carteras Metálico;1699
RTM0068;Neceser de Microfibra;2199
RTM0070;Colgador Carteras Spiral;2499
RTM0071;Peine con Espejo;529
RTM0072;"Pastillero ""Bizone""";179
RTM0073;Set de Costura Redondo con Espejo;799
RTM0074;Botiquín de Emergencia;2590
RTM0075;Espejo Plateado;369
RTM0086;Joyero de PU Negro;2799
RTM0104;Llavero Set Manicure;1499
RTM0108;Cepillo Rectangular con Espejo;549
RTM0109;Bolígrafo Láser con Pendrive 8GB;16429
RTM0110;Pendrive 8 GB;6249
RTM0111;USB Pendrive 4GB Translucid Twister;5499
RTM0112;Láser Datashow Pendrive 8GB;24419
RTM0113;USB Mouse Inalámbrico;6379
RTM0115;Funda para Notebook;2990
RTM0116;Presentador Datashow Láser USB;12189
RTM0117;Llavero Láser LED;1309
RTM0119;Audífonos Caja Triangular;1499
RTM0121;Hub 4 puertos USB;3799
RTM0122;Adaptador Universal Corriente;5490
RTM0123;Puntero Láser Fivel;1490
RTM0124;Audífonos en Caja;1599
RTM0125;Audífonos Hi-Fi;6669
RTM0127;Pendrive Camiseta Fútbol 4GB;6299
RTM0129;Bolígrafo Pendrive 4GB;9871
RTM0130;Pendrive 2 GB;4599
RTM0131;MP3 Player Credit Card 8GB;12049
RTM0132;USB Mini-Mouse;4789
RTM0133;USB Mouse Optico Keita;3319
RTM0134;USB Lámpara LED;2190
RTM0135;Bolígrafo con USB Pendrive 2GB;6497
RTM0136;PenDrive 4GB Puntero Touch;7439
RTM0137;Pendrive 8GB Puntero Touch;8185
RTM0138;Pendrive 4G de Metal y Cuero;7429
RTM0139;Audífonos Acolchados;5899
RTM0140;Pendrive 2 GB;4749
RTM0141;Mini Altavoz Portátil Onix;4990
RTM0142;Bluetooth Altavoz Portátil;17719
RTM0143;Bluetooth Altavoz portátil;31239
RTM0145;Soporte Para Celular Abatible;659
RTM0147;"Mochila Frontal ""Flip""";6490
RTM0148;Bolso Mediano Flip;6390
RTM0149;Pendrive 2GB;4499
RTM0150;MOCHILA EXACTA;6990
RTM0151;MOCHILA PORTA NOTEBOOK;17990
RTM0153;Bolso Maletín;2190
RTM0155;MOCHILA CITY;3990
RTM0156;MOCHILA PORTA NOTEBOOK RIPSTOP;13990
RTM0157;Pendrive 4GB;5499
RTM0158;Cargador Power Bank 2200mAh;6639
RTM0160;Cargador Llavero Power Bank 2000mAh;5719
RTM0161;Cargador Power Bank 8400mAh;12829
RTM0162;Pendrive 4GB;5169
RTM0163;Cargador Power Bank Basic 2200mAh;6249
RTM0164;Pendrive Llave de 4GB;6589
RTM0165;Pendrive 8GB Forma Llave;7339
RTM0166;Pendrive Credit Card 2GB;5989
RTM0167;Pendrive Credit Card 4GB;6249
RTM0168;Pendrive Credit Card 8GB;6589
RTM0169;Pendrive 16 GB;11539
RTM0170;Llavero Pendrive Simil Cuero De 4GB;7439
RTM0171;Hub USB Mutilector Tarjetas;5999
RTM0172;Bolígrafo Pendrive 8GB;13109
RTM0173;Pendrive Mosquetón 8GB;8319
RTM0174;Pendrive Mono Porfiado 8GB;9349
RTM0175;Pendrive Interruptor 4GB;8499
RTM0176;Cargador Power Bank 2200mAh;7599
RTM0183;Identificador Equipaje;439
RTM0184;Maletín Porta Notebook Oferta;6690
RTM0186;Bolso Porta Zapatos;2290
RTM0187;Mochila Cruzada;2999
RTM0188;Maletín Portadocumentos;7519
RTM0189;Bolso Deportivo y Viajes;5299
RTM0190;Deluxe Bolso XD;14490
RTM0191;Mochila City;7999
RTM0192;Maletín de Congreso;3990
RTM0193;Mochila Urbe;7990
RTM0194;Antifaz de Descanso;699
RTM0195;Maletín Portadocumentos;3690
RTM0196;Maletín de Congreso Neopreno;6390
RTM0198;Mochila Porta Notebook King;9990
RTM0199;Maletín Porta Notebook Neopreno;5890
RTM0200;Funda Porta Notebook Neopreno;2690
RTM0203;Bolso Deportivo Pequeño;3199
RTM0204;Mochila Porta-Notebook;12990
RTM0205;Mochila Maletín Porta Notebook;15999
RTM0206;Deluxe Mochila Deluxe;12890
RTM0207;Maletín Porta-documentos;2690
RTM0208;Maletín Porta-documentos;4690
RTM0209;Clapper Inflables;529
RTM0210;Mini Balón de Fútbol;3990
RTM0211;Balón de Fútbol Numero 5;7190
RTM0212;Funda Porta Tablet Neopreno;2739
RTM0213;Mini Bolso Porta-Tablet;4969
RTM0214;Funda Porta-Tablet;2979
RTM0215;Almohada Cervical;1299
RTM0216;Vamos Chile Morral 34x44cm;799
RTM0217;Kit de Descanso;1590
RTM0218;Identificador de Equipaje;479
RTM0219;Morral Poliéster 34x44cm;999
RTM0220;Mochila Bicolor;4899
RTM0242;Bolsa TNT Chile 30x22cm;369
RTM0243;Bolsa Chile TNT 25x30x8cm;379
RTM0244;Bolsa TNT Chile 32x40x12cm;409
RTM0245;Bolsa TNT Chile 40x32x12cm;399
RTM0246;Morral 34x44cm Con Bandera Chilena;449
RTM0248;Morral Non Woven 25x35cm;249
RTM0251;Bolsa TNT Chile 25x30x8cm;599
RTM0253;Bolsa TNT Chile 40x30x12cm;599
RTM0273;Frasco plástico Cocina;649
RTM0286;Cooler Lonchera;1640
RTM0287;Bufanda de Polar;2290
RTM0288;Cuello/Gorro alto Polar;1039
RTM0289;Gorro Lana con Doblez;2290
RTM0290;Gorro Lana Interior Polar;1899
RTM0291;Gorro Polar Con Orejeras;1229
RTM0292;Manta de Polar;5990
RTM0294;Gorro de Polar;1179
RTM0295;Cuello Polar;1090
RTM0296;Banano Poliéster Liso;1499
RTM0297;Bolsa de Polar;859
RTM0298;Cinta Orejera de Polar;1189
RTM0299;Bufanda de Polar Niño;899
RTM0300;Guantes Polar Mujer/Niño;1279
RTM0301;Bolso Bandolero;2599
RTM0302;Banano Porta Documentos;2190
RTM0303;Banano Deluxe XD;3790
RTM0304;Cooler Wave Comidas y Bebidas;2790
RTM0305;Cooler Gigante Artic;4690
RTM0306;Necessaire Poliéster 600D;1699
RTM0307;Jockey Denim Algodón;1290
RTM0308;Gorro Microfibra Sport;1299
RTM0309;Gorro Gilligan Algodón;799
RTM0310;Gorro Gilligan Gabardina;579
RTM0311;Jockey Algodón;980
RTM0312;Jockey Denim Sandwich;1390
RTM0313;Banano Grande;2799
RTM0314;Guantes de Polar;1809
RTM0316;Guantes de Polar;2089
RTM0317;Grip de Silicona;609
RTM0318;Llavero Multiherramientas;2790
RTM0319;Estrella Anti-Stress;529
RTM0320;Pelota Anti-Stress Fútbol;529
RTM0321;Delantal Asado 3 Herramientas;9190
RTM0322;Set herramientas 26 piezas;7390
RTM0324;Kit Emergencia Vehículo;18990
RTM0325;Set de Picnic 2 personas;8990
RTM0326;Set Asado 10 Herramientas;9990
RTM0327;Mini Estuche Multiherramientas;2790
RTM0328;Cortaplumas 5 en 1;1390
RTM0329;Huincha multifunción;1289
RTM0330;Multiherramientas con Linterna;2440
RTM0331;Set Herramientas 21 piezas;7290
RTM0332;Llavero Mini Destornilladores;990
RTM0333;Set Mini Destornilladores y LED;1390
RTM0334;Set de 8 Destornilladores;1590
RTM0335;Llavero Multiherramientas;1090
RTM0336;Cortaplumas Golf con Llavero;2990
RTM0337;Set De Supervivencia;7290
RTM0338;Casco Anti-Stress;559
RTM0339;Numero 1 Anti-Stress.;559
RTM0340;Corazón Anti-Stress;529
RTM0342;Set Fierros para Anticuchos;3790
RTM0343;Delantal Asado 9 Herramientas;11990
RTM0344;Cortaplumas Multifunciones;1890
RTM0345;Maletín Para Asado;9690
RTM0346;Set de Herramientas 24 piezas;8790
RTM0347;Pelota Anti-Stress;469
RTM0348;Lápiz Ecológico con semilla;369
RTM0349;Juego Gato de Aluminio;3289
RTM0350;Set 2 Cachos de PU negro;6990
RTM0351;Mini-puzzle;799
RTM0352;Dado Blanco;89
RTM0353;Yo-yo Plástico Traslúcido;769
RTM0354;Mini Taca-Taca de Madera;12990
RTM0355;Mini Ping-Pong de Madera;9999
RTM0356;Billetera de PU;4899
RTM0357;Billetera de Cuero;8549
RTM0358;Cacho PU Negro;3289
RTM0359;Dominó Clásico Madera;2490
RTM0360;Multijuegos Salón;39990
RTM0361;Porta Foto Mini de Aluminio;1329
RTM0362;Set 6 Cachos de PU negro;21990
RTM0363;Porta Foto de Aluminio;2309
RTM0365;Llavero Linterna LED;449
RTM0366;Llavero Antiestrés Fútbol;389
RTM0367;Llavero Metal Cuero Premium;1799
RTM0368;Llavero simil Cuero Negro;999
RTM0369;Llavero simil Cuero Café;999
RTM0370;Llavero metálico cuadrado;1109
RTM0371;Llavero metálico rectangular;1109
RTM0372;Llavero rectangular plano;1339
RTM0373;Llavero Metálico PortaFoto;1309
RTM0374;Llavero Metálico Redondo;999
RTM0375;Llavero Metálico Casa;999
RTM0376;Llavero Huincha Medir;399
RTM0377;Llavero Metálico Satinado;1059
RTM0378;Llavero Metálico Satinado Cuadrado;1059
RTM0379;Llavero Destapador;299
RTM0380;Llavero Destapador Aluminio;299
RTM0381;Llavero Destapador Metálico;999
RTM0382;Llavero Casco Destapador;489
RTM0383;Llavero Linterna Clásico;309
RTM0385;Llavero Metálico Automóvil;1339
RTM0386;Llavero Metálico Strap;1339
RTM0387;Puntero Láser Linterna LED;1429
RTM0388;Llavero Metal-Cuero;1419
RTM0389;Llavero Metálico;1159
RTM0390;Llavero Metálico de Madera;1159
RTM0391;Llavero Cuero Metal Excelsior;1319
RTM0392;Llavero Metálico Camión;1339
RTM0393;Llavero Metálico Candado;1339
RTM0394;Linterna para Cabeza;2659
RTM0395;Llavero PVC Reflectante;399
RTM0396;Llavero Linterna Económico;299
RTM0397;Llavero Linterna LED redondo;599
RTM0398;Llavero Náutico Anti-Stress;429
RTM0400;Llavero PVC Polera;429
RTM0401;Bolígrafo con Destacador Top;299
RTM0402;Lápiz Ecológico Bios;199
RTM0403;Bolígrafo Plástico Alum;269
RTM0404;Bolígrafo Plástico Vulcano;319
RTM0405;Bolígrafo Plástico New York;269
RTM0406;Bolígrafo Plástico Clipy;279
RTM0407;Bolígrafo Plástico Badge;349
RTM0408;Bolígrafo Trek Touch-Screen;429
RTM0409;Bolígrafo Flag;1129
RTM0410;Bolígrafo Metálico Top Gun;2099
RTM0411;Roller Pen Copper;559
RTM0412;Bolígrafo Plástico Masai;239
RTM0413;Bolígrafo Plástico New Orleans;199
RTM0414;Bolígrafo Plástico Gordito;249
RTM0415;Bolígrafo Metálico Biarritz;3719
RTM0416;Bolígrafo Arrow Touch-Screen;409
RTM0417;Bolígrafo Plástico Jeringa;329
RTM0418;Bolígrafo Metálico Premium;3499
RTM0419;Bolígrafo Metálico Harley;1739
RTM0421;Bolígrafo Satin Touch-Screen;379
RTM0422;Bolígrafo Metálico Twister;1299
RTM0423;Bolígrafo Wind Stella LED;579
RTM0424;Roller Metálico Manager;2739
RTM0425;Lápiz Ecológico Hoja;209
RTM0426;Lápiz Ejecutivo de Madera;2999
RTM0427;Lápiz Ecológico Compo;219
RTM0428;Bolígrafo Metálico Aroma;2859
RTM0429;Bolígrafo Metálico Gross;2169
RTM0430;Bolígrafo Metalico Arrow;769
RTM0431;Bolígrafo Metálico Executive;8139
RTM0432;Set de Escritura Finit;7229
RTM0433;Set 12 Lápices Color Tubo;739
RTM0434;Lápiz Grafito Largo;179
RTM0435;Lápiz Grafito Corto;159
RTM0436;Set 4 Lápices Grafito Negro;429
RTM0437;Set 6 Lápices de Colores Caja;529
RTM0438;Bolígrafo Plástico Wind Color;239
RTM0439;Bolígrafo Plástico Arco;329
RTM0440;Bolígrafo Dual Arme;259
RTM0441;Set Portaminas Ecológico;539
RTM0442;Set 6 Lápices Grafito Negro Tubo;539
RTM0443;Bolígrafo con Destacador;299
RTM0444;Bolígrafo con Destacador;299
RTM0445;Bolígrafo Plástico Gross;229
RTM0446;Bolígrafo Plástico Kinetic;299
RTM0447;Bolígrafo Plástico Zulu;239
RTM0448;Bolígrafo Plástico Scratch;239
RTM0449;Bolígrafo Plástico Wind;239
RTM0450;Bolígrafo Plástico Fusión;299
RTM0451;Bolígrafo Plástico Milky;219
RTM0452;Bolígrafo Huincha de Medir;439
RTM0453;Bolígrafo Plástico Cheaper;199
RTM0455;Bolígrafo Plástico Qasar Silver;369
RTM0456;Bolígrafo Plástico Qasar;369
RTM0457;Bolígrafo Plástico Discovery;269
RTM0458;Bolígrafo Plástico Praxis;249
RTM0459;Bolígrafo Plástico Andrómeda;299
RTM0460;Bolígrafo Plástico Metalizado;299
RTM0461;Bolígrafo Metálico Caterpillar;1669
RTM0462;Portaminas Metálico Caterpillar;1699
RTM0463;Bolígrafo Aluminio Winner;429
RTM0465;Bolígrafo 4 en 1 Touch Screen;3159
RTM0466;Bolígrafo Touch-Screen;3289
RTM0467;Bolígrafo Metálico Fokus;1829
RTM0468;Bolígrafo Touch-Screen Stylus;379
RTM0469;Bolígrafo Linterna LED;419
RTM0470;Bolígrafo Touch Screen Keyring;329
RTM0471;Lápiz Destacador Ecológico;229
RTM0472;Bolígrafo Metálico White Pearl;3459
RTM0473;Bolígrafo Metálico Black Pearl;3399
RTM0474;Bolígrafo Metálico Director;2099
RTM0475;Bolígrafo Metálico Chairman;2669
RTM0476;Lápiz Ecológico Planet;169
RTM0477;Bolígrafo Touch-Screen;469
RTM0478;Lápiz Ecológico con Destacador;229
RTM0479;Bolígrafo Touch-Screen;489
RTM0480;Bolígrafo Touch-Screen;489
RTM0481;"Bolígrafo ""Touch Screen""";359
RTM0482;Bolígrafo Metálico 4 en 1;2490
RTM0483;Bolígrafo Gross Lanyard;269
RTM0484;Bolígrafo Plástico Evolution;269
RTM0485;Bolígrafo Plástico Punch;269
RTM0486;Bolígrafo Plástico Paz y Amor;239
RTM0487;Bolígrafo Plástico Júpiter;269
RTM0488;Bolígrafo Plástico Venus;249
RTM0489;Bolígrafo Plástico Motion;289
RTM0490;Bolígrafo Plástico Wind Stella;249
RTM0491;Bolígrafo Plástico Me Gusta;239
RTM0492;Bolígrafo Plástico Nº1;239
RTM0493;Bolígrafo Metálico Puntero 3 en 1;2549
RTM0494;Bolígrafo Metálico Bauhaus;3190
RTM0495;Bolígrafo Metálico Hotel;2490
RTM0497;Lápiz Ecológico Leave;219
RTM0498;Bolígrafo Metálico Roller;3839
RTM0499;Bolígrafo Metálico Enix;4464
RTM0500;Set Escolar Ecológico;799
RTM0501;Bolígrafo 3 en 1;1429
RTM0502;Bolígrafo Metálico Roller E;3049
RTM0503;Bolígrafo Touch Screen Alabama;399
RTM0504;Bolígrafo Metálico c/Funda;1619
RTM0505;Bolígrafo Plástico Gordito;249
RTM0506;Bolígrafo Plástico Shadow;299
RTM0507;Bolígrafo Touch Screen Shadow;399
RTM0508;Bolígrafo Plástico Lord of Rings;329
RTM0509;Bolígrafo Plástico Prime;329
RTM0510;Bolígrafo Plástico Rainbow;229
RTM0511;Bolígrafo Plástico Ángel;279
RTM0512;Bolígrafo Plástico Economico;229
RTM0513;Bolígrafo Plástico Hooligan;299
RTM0514;Portaminas Mechanical;369
RTM0520;Mug Térmico Auto Usb;4699
RTM0522;Caramayola Tritan;3199
RTM0523;Caramayola Trend;2990
RTM0524;Coffee Set Espresso Acero Inox.;4789
RTM0525;Set Torre 4 Tazones Metálicos;6099
RTM0526;Vaso Blanco Cloud con silicona;2240
RTM0527;Set Termo 2 Tazones;8009
RTM0528;Termo 1/2 Litro Novak;4799
RTM0529;Vaso Cerámico Grip;2809
RTM0530;Termo 1/2 Litro;5019
RTM0531;Coffee Mug PP-FRESH;3240
RTM0532;Mug de Acero Inoxidable;2769
RTM0533;Tazón Cerámico Blanco 240cc;729
RTM0534;Tazón con Cuchara;1279
RTM0535;Tazón Cerámico 320cc;1219
RTM0536;Tazón Cerámico con Cuchara;1499
RTM0537;Mini Tazón con Cuchara;979
RTM0538;Tazón Cerámico de Color;1090
RTM0539;Mug Térmico Plástico;1599
RTM0540;Coffee Mug Slim;2499
RTM0541;Mug Térmico Doble Pared;2340
RTM0542;Taza Acero Inox Camping;1360
RTM0543;Mug Térmico Encobrizado;2499
RTM0544;Mug de doble pared Inoxidable;2340
RTM0546;BOTELLA DE ALUMINIO 750ml;2599
RTM0550;Tarjetero de Aluminio;999
RTM0551;Memo-Clip Base Cubo (2da. Selección);199
RTM0552;Post it Ecológico Sobre;439
RTM0553;Libreta ecológica Post It Lápiz;649
RTM0554;Paragua Mango Madera;2379
RTM0555;Alcancía forma casa;1469
RTM0556;Set de bar Vinos;6990
RTM0557;Set de bar madera caja cartón;3799
RTM0558;Set de bar Madera Circular;9990
RTM0559;Set de bar madera rectangular;4690
RTM0565;Set Post-it PU Negro;2039
RTM0566;Porta Post-it con Clips;729
RTM0567;Mochila cruzada;2990
RTM0569;Libreta con Bolígrafo;769
RTM0570;Libreta con Bolígrafo;1079
RTM0571;Pad mouse ergonómico;1660
RTM0574;Set de bar forma botella vino;5990
RTM0577;Multidestacador 5 colores;909
RTM0578;Llavero Huincha Plástico;389
RTM0579;Set de Oficina;1899
RTM0580;Set 5 Destacadores Color;1519
RTM0581;Llavero Limpia lentes;699
RTM0583;Mug Cerámica;2090
RTM0585;Descorchador en caja;2490
RTM0588;Maletín metálico Set de asado;10990
RTM0589;Set de manicure;1990
RTM0590;Carpeta Simil Cuero con Calculadora;7690
RTM0591;BOLSO DEPORTIVO CON APERTURA SUPERIOR;6999
RTM0593;Porta Post-it con Calculadora;2869
RTM0594;Pastillero Mentitas Circular Sin Azúcar;689
RTM0595;Pastillero Menta sin azucar;849
RTM0596;Tubo ecológico con lápices;539
RTM0597;Espejo con set de costura;529
RTM0599;Memo clip;354
RTM0605;Carpeta Ejecutiva;4699
RTM0610;Cuaderno con lápiz interior;1290
RTM0613;Porta clip;589
RTM0614;Calendario Perpetuo;1499
RTM0615;Porta papeles;649
RTM0616;Libreta ecológica;779
RTM0617;Tubo Mentitas Sin Azucar;439
RTM0623;Set de lápices;1499
RTM0624;Espejo Almeja;339
RTM0625;Set de bar bambú en caja;10690
RTM0628;Martillo Metálico Multiuso;4690
RTM0629;Cuaderno con lápiz;1139
RTM0630;Post it Ecológico Porta Taco;379
RTM0631;Cuaderno Bamboo con Lápiz;3490
RTM0634;BOLSO DEPORTIVO NEGRO;6990
RTM0636;Mochila Urbana;5590
RTM0645;Memo clip transparencia;419
RTM0648;Set de asado en Tubo;5399
RTM0649;Set de manicure eco cuero negro;1299
RTM0650;Set de manicure eco cuero;1660
RTM0651;Set de Herramientas;3490
RTM0652;Navaja Tipo Suiza;3290
RTM0654;Libreta ecológica con semilla;1120
RTM0655;Dulces Tubo de ensayo;699
RTM0656;Pastillero Semillas Mani;729
RTM0657;Caja de dulces;1490
RTM0658;Toallas comprimidas;319
RTM0661;Post it Ecológico Económico;239
RTM0662;Destacador Soft Flúor Plástico;399
RTM0663;Pendrive llavero 4GB;6999
RTM0664;Pastillero con pulsador;979
RTM0666;Destacador Nº1;379
RTM0667;Set 4 Destacadores de Colores;1159
RTM0668;COOLER POLIÉSTER;999
RTM0669;Soporte iPhone / Celular;1489
RTM0670;Set de costura silver;849
RTM0674;Libreta ecológica con lápiz;890
RTM0678;Jabón en lámina;334
RTM0679;Toallas comprimidas Pastillas;549
RTM0680;Pastillero Metálico Rectangular;790
RTM0681;Pastillero Circular 7 Días;689
RTM0683;Pendrive Tarjeta 8Gb;4899
RTM0684;Pendrive mini metálico 8Gb;6999
RTM0686;Pendrive Ecocuero 8Gb Llavero;5599
RTM0687;Pendrive giratorio 8Gb;4999
RTM0688;PENDRIVE GIRATORIO 8GB;5199
RTM0689;Pendrive llave 8Gb;5499
RTM0690;Pendrive corcho 8Gb;5199
RTM0693;Pendrive madera ovalado 8Gb;5699
RTM0694;Memo Clip Base Cubo;469
RTM0695;Paraguas Ejecutivo;3109
RTM0696;Paraguas Corto;3290
RTM0697;Capa de Agua;1490
RTM0698;Mini Guatero de PVC;1460
RTM0703;Llavero Chile de PVC;459
RTM0705;Vuvuzela Vamos Chile;1519
RTM0707;Set Paletas de Playa 2da Selección;5690
RTM0708;Frisbee Plástico;629
RTM0709;Visera Plástica de PVC;499
RTM0710;Esterilla de Playa;2390
RTM0711;Reposacabeza de Tela;680
RTM0712;Bolso de Playa Deluxe;4990
RTM0713;Bolso de Playa Cancún 36x40cm;2590
RTM0714;Bolsa Ecológica Yute 35x31x12cm;2640
RTM0715;Bolso de Playa Rainbow;2440
RTM0716;Morral Algodón y Poliéster 34x44cm;1599
RTM0717;Bolso de Playa de Microfibra;2990
RTM0719;Parasol Vehículo;2790
RTM0720;Bolso Yute Canvas 45x35x16cm;3990
RTM0724;Guardatodo PVC Clear;1060
RTM0725;Toalla de Microfibra en Bolso 33x73cm;2899
RTM0726;Quitasol;6990
RTM0727;Pelota Playa Inflable;820
RTM0728;Almohada Inflable;679
RTM0729;Set Paletas Playa Premium;8690
RTM0731;Abanico Plástico;389
RTM0732;Set Paletas Playa Acrílicas;4390
RTM0736;Reloj de Pared;3289
RTM0737;"SET ASADO ""2 AMIGOS""";11990
RTM0739;Linterna LED 4-en-1;6399
RTM0741;Mini Set De Oficina;1359
RTM0743;SET ECONÓMICO OFICINA;449
RTM0747;Set Herramientas 24 unidades;7290
RTM0749;Porta-Retrato c/Reloj Digital;3649
RTM0750;Reloj Despertador;1869
RTM0751;MUG TÉRMICO METAL Y PLÁSTICO;2490
RTM0752;PAD MOUSE SIMIL CUERO;1990
RTM0755;TAZA CORAZÓN CON CUCHARA;2290
RTM0756;Set de Manicure;1690
RTM0759;Set Pinceles Maquillaje;990
RTM0764;"SACACORCHOS ""BOTTLEO""";1890
RTM0765;Mini Libreta Memo;690
RTM0766;Set De Resaltadores Sensation;899
RTM0769;MUG TÉRMICO METÁLICO TAPA;4390
RTM0770;Calculadora Solar;1429
RTM0771;SET DE VINO BAMBÚ PREMIUM;16990
RTM0772;SET DE BAR BAMBÚ;9990
RTM0773;TAZA CERÁMICA CON TAPA;1990
RTM0774;Botella Plástica Hidratación;2599
RTM0780;Multi Destornillador Forma Lápiz;1599
RTM0781;Huincha de Medir con Nivel;1190
RTM0782;"SET DE DIBUJO ""KIDS""";1360
RTM0783;NAJAVA MULTIUSO;2490
RTM0787;MUG ACERO INOXIDABLE;2590
RTM0788;Bolso Cooler 23x16x26cm;3590
RTM0790;Taza Cuadrada Cerámica;609
RTM0791;LINTERNA DESTORNILLADOR 6 EN 1;3399
RTM0792;MUG TÉRMICO SULER;3199
RTM0794;MUG METALICO ACERO SILICONA;3790
RTM0796;Reloj Despertador Minimalista;2790
RTM0802;Porta Lápices con Reloj;2590
RTM0804;Regla 20cm con Calculadora;1739
RTM0813;Descorchador Forma Botella Vino;2290
RTM0814;Set Posavasos Redondos;5290
RTM0815;Cuchillo Cerámico Premium;4999
RTM0816;Pizarra Magnética;790
RTM0817;Magne-Clip Casa;749
RTM0818;Posavasos de Aluminio;2890
RTM0819;Set Vino Redondo PU Negro;8990
RTM0820;Descorchador 3 en 1 Acero;1990
RTM0821;Revolvedor de Tragos;109
RTM0822;Revolvedor de Trago;119
RTM0823;Revolvedor Plástico de Tragos;139
RTM0825;Destapador Imantado;849
RTM0826;Caja de Madera para Vino;10990
RTM0827;Magne Clip Grande;599
RTM0828;Set Posavasos Plásticos Redondos;2390
RTM0829;Descorchador Profesional Acero;2390
RTM0830;Set de Vino en Caja Madera;6290
RTM0831;Puntero Láser Touch Screen;1329
RTM0221;Bolsa Nonwoven lentes;289
RTM0222;Bolsa TNT 11x16.5x4cm;289
RTM0233;Bolsa TNT 25x20x8cm;319
RTM0241;Bolsa TNT 25x30x8cm;329
RTM0247;Bolsa TNT 36x40x10cm;469
RTM0250;Bolsa TNT 30x38x8.5cm;399
RTM0254;Bolsa TNT 45x38x25cm;799
RTM0255;Bolsa TNT 38x45x12cm;559
RTM0256;Morral TNT 34x44cm;499
RTM0257;Bolsa TNT 36x40cm;329
RTM0223;Bolsa TNT 40x30x11cm;499
RTM0224;Bolsa TNT 34x44cm;309
RTM0225;Pechera TNT Delantal;769
RTM0226;Estuche TNT 24x11cm;389
RTM0227;Funda TNT 1 Vino;740
RTM0228;Funda TNT 2 Vinos;890
RTM0229;Funda TNT 4 Vinos;1090
RTM0231;Cooler Lonchera TNT 19x15x14cm;1399
RTM0232;Bolsa TNT 33x38x25cm;619
RTM0234;Basurin TNT 25x35x10cm;269
RTM0235;Basurin TNT 18x28cm;229
RTM0236;Bolsa TNT 20x25x7.5cm;429
RTM0237;Bolsa TNT 32x40x15cm;499
RTM0238;Cooler Grande 33x37x24cm;2899
RTM0239;Bolso Ecológico TNT 55x36x16cm;1560
RTM0249;Bolsa TNT 30x40x12cm;429
RTM0252;Bolsa Ecológica Chile 30x40x12cm;579
RTM0840;Bolsa Ecológica Basurin 18x28cm;389
RTM0841;Bolsa Ecológica 30x40x11cm;429
RTM0842;Bolsa Sublimación 38x45x12cm;619
RTM0464;Bolígrafo Touch Screen;399
RTM0845;Set 4 Destacadores Líquidos;2039
RTM0843;Set Lápices Colores Madera;659
RTM0844;Bolígrafo Manito Rascadora Plástico;849
RTM0846;Set 3 Destacadores Cera;959
RTM0847;Bolígrafo Pendrive 8GB;6990
RTM0848;Bolígrafo Metálico Encobrizado;2599
RTM0849;Bolígrafo Encobrizado Metálico;2839
RTM0851;Mouse Pad Sublimación;899
RTM0852;Power Bank Card 2500mAh;7290
RTM0853;Power Bank Metálico 2200mAh;6639
RTM0855;Pendrive Llave 4GB;6309
RTM0856;HUB USB con Reloj Digital;9549
RTM0857;Llavero Linterna LED;2319
RTM0858;Mug Encobrizado Con Tapa 440cc;3299
RTM0859;Termo Cobre 500cc Premium;5999
RTM0547;Botella Deportiva Chile 750cc;1699
RTM0860;Tazón Cerámico Bicolor;1439
RTM0861;Tazón Cerámico Sublimación;1999
RTM0862;Set Cerámico para Café;2390
RTM0863;Tazón Cerámico Dorado Sublimación;1699
RTM0864;Tazón Cerámico Plateado o Dorado;1539
RTM0865;Tazón Vidrio Empavonado;1849
RTM0866;Jarro shopero Empavonado Personalizado;3990
RTM0867;Mug Térmico Blanco Personalizado;5999
RTM0868;Botella Lata Térmica Para Personalizado;8999
RTM0869;Botella Térmica Blanca Personalizado;8999
RTM0870;Reloj de Pared Sublimación;6290
RTM0871;Llavero Redondo Sublimación;659
RTM0872;Llavero Rectangular Sublimación;899
RTM0873;Delantal Pechera Sublimación;1190
RTM0874;Polera Manga Corta Poliéster Hombre;2599
RTM0875;Polera Manga Corta Poliéster Mujer;2499
RTM0876;Calendario Perpetuo Metálico;1409
RTM0877;Libreta de PU;3399
RTM0878;Libreta Colorskine Tamaño A6;1490
RTM0879;Cuaderno Colorskine Tamaño A5;2790
RTM0880;Libreta Whiteskine Tamaño A6;1490
RTM0881;Cuaderno Whiteskine Tamaño A5;2690
RTM0882;Carpeta Ejecutiva;5099
RTM0883;Deluxe Carpeta Windsor;8199
RTM0884;Carpeta Ejecutiva PU;12509
RTM0885;Toalla Facial de Microfibra;2390
RTM0886;Pulsera Silicona 3 Luces LED;2599
RTM0887;Mochila Cooler de Picnic 4 Personas;27990
RTM0888;Manta Picnic Impermeable;8899
RTM0889;Banano Impermeable;2999
RTM0890;Set Limpia Calzado;3590
RTM0891;Set Paletas de Playa;3539
RTM0892;Frisbee Plegable con Funda;429
RTM0893;Bolso de Playa Purse;2740
RTM0894;Paraguas Golf UV;8190
RTM0895;Funda Reflectante Para Mochila;1999
RTM0896;Lámpara 30 LED;8479
;Deluxe Asado Set Metálico;14109
RTM0045;Lanyard Simple;409
RTM0898;Lanyard BA Sublimación;459
RTM0900;Polera Manga Corta Algodón Mujer;2399
RTM0899;Polera Manga Corta Algodón hombre;2499
RTM0901;Banda Reflectante Retráctil;789
RTM0902;Chaleco Reflectante Basic;1899
RTM0903;Chaleco Reflectante Traffic;2719
RTM0904;Chaleco Reflectante Supervisor;3539
RTM0905;Magnético Imán 6x4cm grosor 0.35mm;154
RTM0906;Magnético Iman Refrigerador 6x4cm;184
RTM0907;Magnético Iman Refrigerador 6x5cm;169
RTM0908;Imán Magnético Refrigerador 9x6cm;367
RTM0909;Magnético Iman Refrigerador 7x7cm;219
RTM0910;Imán Magnético Refrigerador 9x6cm;229
RTM0911;Magnético Imán Refrigerador 9x6cm;249
RTM0912;Magnético Imán Refrigerador 5x7cm;329
RTM0913;Dulces Gomita;1289
RTM0914;ENCOCADOS 4 unidades;1769
RTM0915;ESTUCHE TRUFAS;1990
RTM0916;PIRAMIDE GOMÓN YOGURT;1409
RTM0917;SET HERRAMIENTAS JARDÍN;3490
RTM0918;Libreta Eco Con Tapa y Lápiz Interior;1290
RTM0919;Cuaderno Ecológico con Lápiz;1199
RTM0920;Libreta Notas Ecológica;669
RTM0921;Estuche Ecológico Taco Post-it;899
RTM0922;Cuaderno Ecológico con lápiz;1590
RTM0923;Pendrive 16GB Giratorio;5999
RTM0924;Llavero Multiuso Económico;790
RTM0925;Morral Deportivo Poliéster;2390
RTM0926;Set Llavero y Tarjetero Metal Eco Cuero;1709
RTM0927;Pendrive 8GB  Giratorio Negro;5490
RTM0928;Pendrive Goma 8GB;5490
RTM0929;Mochila Plegable Poliéster;3190
RTM0930;Pendrive Pulsera 8GB;5990
RTM0932;Pendrive Bambú 8GB;4799
RTM0933;Lápiz Pendrive Láser 8GB;6199
RTM0934;Multiple Conector USB;2449
RTM0935;Pendrive Tarjeta Bambú 8Gb;5799
RTM0568;Morral Poliéster 34x40cm;599
RTM0931;Tablas de Cocina Plástico;9999
RTM0936;Set Cocina Para Adobar;1299
RTM0937;Especiero Imantado Acero;9990
RTM0938;Tabla picar con cuchillo y tenedor;15990
RTM0939;Mochila Porta Notebook;14990
RTM0940;Palo Selfie Bastón Mini;1479
RTM0941;Bolso deportivo económico;4999
RTM0942;Bolsa Compras Ecológica 42X47,5cm;519
RTM0943;Lámpara Led Retro;1799
RTM0944;Mochila Plegable Resistente;4390
RTM0945;Bolsa Nonwoven 40x30x10cm;364
RTM0946;Bolsa Nonwoven 25x30x9cm;329
RTM0947;Guardatodo Impermeable Móviles/Objetos;540
RTM0948;Set Guante y Agarradera Cocina;1699
RTM0949;Brazalete Deportivo Neopreno;2290
RTM0950;Maletín Morral Mochila Porta Notebook;15990
RTM0951;Set Herramientas 19 piezas;7390
RTM0952;Mouse Pad Simil Cuero;1389
RTM0953;Carpeta Simil Cuero Ejecutiva;8290
RTM0954;Salero Pimentero Cerámica;1490
RTM0955;Kit Solar Escritorio Juegos;3290
RTM0956;Set de Asado en Estuche;4590
RTM0957;Set Estuche Niños;889
RTM0958;Soporte Celular Bicicleta;2899
RTM0959;Libreta Ecológica 50 hojas;699
RTM0960;Mochila Terreno;5790
RTM0961;Delantal Cocina 100% Algodón;1399
RTM0962;Audífonos Económicos;929
RTM0963;Mochila Treet Colors;3599
RTM0964;Memo Box Simil Cuero Destacadores;2690
RTM0965;Juego de Destreza;9190
RTM0812;Set Tabla Madera Quesos;7999
RTM0810;Set Parrillero Stainless Steel;4999
RTM0809;Set de Asado Personal Bambú;9999
RTM0808;Juego de Asado Bambú;14490
RTM0966;Caja de Madera para Vino;6590
RTM0967;Set Manicure Viajes;3290
RTM0968;Cooler Antartida Handy Dunlop;4990
RTM0969;Mochila Spectrum Dunlop;7990
RTM0970;Mochila Pegasus Dunlop;6990
RTM0972;Bolso de Viaje Promocional;5990
RTM0973;Bolso Elbrus Bag;7990
RTM0974;Porta Traje Viajes;16990
RTM0975;Delantal Parrilla Salero y Pimentero;9999
RTM0976;Tabla Picar Bambú;6899
RTM0977;Carpeta Ecológica Post It Lápiz;1890
RTM0978;Tubo ecológico con 6 lápices;849
RTM0979;Taco Ecológico Post-It;1199
RTM0980;REGLA ECOLÓGICA;729
RTM0981;REGLA ECOLÓGICA;689
RTM0982;Tubo Triangular Ecológico;499
RTM0983;Tubo ecológico 4 lápices;999
RTM0984;AGENDA ECOLÓGICA;1019
RTM0985;LIBRETA ECOLÓGICA VERDE CON LÁPIZ;1290
RTM0988;Destapador Metálico Doble Filo;769
RTM0989;RADIO PULSÓMETRO;8390
RTM0990;Llavero Multi Herramientas;2299
RTM0991;Set de Calzado Estuche Cuero;4459
RTM0992;Espejo con peineta;679
RTM0993;Espejo de Bolsillo;399
RTM0994;SET DE CALZADO;1490
RTM0995;Cepillo con Espejo;729
RTM0996;CARPETA CON CALCULADORA;7390
RTM0997;Tarjetero Metálico;899
RTM0998;RELOJ REGLA;1739
RTM1044;Carpeta con Calculadora;9699
RTM1000;CALCULADORA TIPO IPHONE;2379
RTM1001;CALCULADORA;2379
RTM1002;Caramayola Deportiva Tapa Acero;2099
RTM1003;BOLSA INFLABLE PLAYERA;1696
RTM1004;Caramayola Azul y Rojo;2690
RTM1005;Botella Aluminio Deportiva 750ml;2090
RTM1006;Toalla en Estuche Gimnasio;1520
RTM1007;Tabla Redonda Para Quesos;6690
RTM1008;Set de Asado con Estuche;4690
RTM1009;DESCORCHADOR BAMBÚ EN CAJA;5290
RTM1010;Caja Madera para Vino;10990
RTM1011;Llavero Cuadrado Bambú;729
RTM1014;Lápiz Ecológico Dual;159
RTM1015;Bolígrafo Ecológico Bamboo Touch;499
RTM1012;Lápiz de Cartón con Destacador;189
RTM1013;Lápiz Ecológico de Bambú;289
RTM1016;Mini Parrilla Redonda;19490
RTM1017;Set Cubiertos Completo Plástico;789
RTM1018;Termo Metálico con Funda;5990
RTM1019;Neceser Colgante;6999
RTM1020;Botella Flexible Plástico 480cc;1290
RTM1021;SET NAVAJA CON LINTERNA;2290
RTM1022;Neceser Bolso Colgante;3990
RTM1023;Candado Viaje;1180
RTM1024;Juego cuchilla y trincheta asado;5290
RTM1025;MARTILLO MULTIFUNCIÓN ACERO;7490
RTM1027;Bolsa Non Woven 36x30x9cm;489
RTM1028;Guincha Medir Retráctil;419
RTM1030;"SET DE VELAS ""2 CORAZONES""";979
RTM1031;Maletín Portadocumentos Poliéster;3990
RTM1032;Bolso Viaje Gimnasio;7990
RTM1033;Mochila Porta Notebook Poliéster;20990
RTM1034;Mochila Maletín Porta Notebook;16009
RTM1035;Banano Poliéster 33x14,5cm;2699
RTM1036;Carpeta Porta Documentos;9990
RTM1037;Morral Poliéster 30x42cm;1039
RTM1038;Bolso deportivo;2490
RTM1039;CARPETAS MICROFIBRA;5349
RTM1040;CARPETAS MICROFIBRA Elástico;4796
RTM1041;Bolso deportivo viajes;4790
RTM1042;CARPETA CON CLIP GRANDE;4829
RTM1043;Mochila Porta Notebook Poliéster;15889
RTM1045;Mochila Viva Poliéster;8390
RTM1046;CARPETA CON SIERRE;6999
RTM1047;Tazón Mágico Battery;1590
RTM1048;TAZA MAGICA WIFI;1049
RTM1049;Botella con Enfriador Plástico;1799
RTM1050;Botella Plástica con Grip;1799
RTM1051;Mug Térmico Metálico;5390
RTM1052;Vaso Plástico Grip;2660
RTM1053;Resaltador Base Triangular;1690
RTM1054;Tarjetero Metálico Con Vinilo;2398
RTM1055;Cilindro Lápices Colores;1259
RTM1056;Destacador con Base Ovalado;1990
RTM1057;Destacador con Base Triangular;890
RTM1058;Resaltador Kit Limpieza PC;1079
RTM1059;Cuaderno ecológico Post It;1999
RTM1060;Memo Box Espiral;969
RTM1061;"Memo Folder ""Stick""";449
RTM1062;Set de Escritorio Ecológico;1499
RTM1063;"Clips Magnéticos ""People""";1999
RTM1064;Power Bank Solar 6000 mAh;17990
RTM1065;Parlante Lámpara Bluetooth;29999
RTM1066;Power Bank 4000 MaH;9499
RTM1068;Manopla Cocina Parrilla Tosha;2729
RTM1069;Agarrador Silicona Bandejas;1349
RTM1071;Delantal Plegable Estuche Sopex;1199
RTM1072;Power Bank Keox 2000 mAh;2749
RTM1073;Power Bank Ventur 2000 mAh;3409
RTM1074;Cargador Auto USB Doble Denom;1969
RTM1075;Parlante Bluetooth Ducha;5990
RTM1076;Soporte Celulares Forma Zapato;1099
RTM1077;Soporte Trípode Tablet;1090
RTM1078;Set Cuchillos Acero Bakiser;8990
RTM1079;Soporte Celulares Smaner;599
RTM1080;Portatodo Táctil;1229
RTM1070;DELANTAL RESTORANT;1990
RTM1081;Set Selfie Bastón Palo Lentes;5190
RTM1082;Set Limpieza Dental Niños;1399
RTM1083;BOLIGRAFO PUBLICITARIO DEXIR;189
RTM1084;BOLIGRAFO CORCHO CON FUNDA;799
RTM1085;Mochila Plegable Ripstop;5349
RTM1086;Mochila Plegable Forma Animales;1199
RTM1087;CARAMAYOLA DEPORTIVA;2339
RTM1088;Lentes Sol con Visera Protección UV;1540
RTM1089;Estuche Dibujo Trinen;4259
RTM1090;Bolsa Yute Mango Madera;0
RTM1091;Podómetro Deportivo;2490
RTM1092;Botella Batidos de Tritan;6290
RTM1093;Pulsera Poliéster Cierre de Seguridad;109
RTM1094;Camisa Blanca Trevira;7694
RTM1095;Camisa Trevira Cuello Paloma;8039
RTM1096;Camisa Trevira Doble Puño;8039
RTM1097;Camisa Trevira Blanca;6839
RTM1098;Camisa Trevira Manga Larga;7869
RTM1099;Camisa Trevira Color;7869
RTM1100;Camisa Trevira Negro;6839
RTM1101;Camisa Oxford Manga Larga;7179
RTM1102;Camisa Oxford Bolsillo Suelto;7869
RTM1103;Camisa Oxford Bolsillo Pegado;7869
RTM1104;Camisa Oxford Manga Corta;7699
RTM1105;Camisa Denim 2 Bolsillos;9579
RTM1106;Blusa Trevira Color;6999
RTM1107;Blusa Oxford Manga Larga;7179
RTM1108;Blusa Oxford Manga Corta;6999
RTM1109;Pantalón Gabardina Algodón Pinzas;
RTM1110;Pantalón Gabardina Algodón;9999
RTM1111;Sombrero Cubano Poliéster;1499
RTM1112;Lentes de Sol Xaloc Protección UV;909
RTM1113;Ventilador USB;2990
RTM1114;Portatodo Impermeable táctil;539
RTM1115;Portatodo Impermeable táctil PVC;1390
RTM1116;Estuche Ecológico de Lino;2199
RTM1117;Botella Plástico Frozen;1590
RTM1118;Porta Lápiz Contenedor;949
RTM1125;Vaso Botella Cerveza;2590
RTM1126;Organizador Escritorio;4990
RTM1127;Set de baño;2699
RTM1130;Lentes de realidad virtual;7999
RTM1128;Sombrero Cubano Poliéster;5490
RTM1129;Sombrero Mujer Yuca;4199
RTM1131;Kit de Carga y Audio;3990
RTM1132;Jabón Artesanal con micro pallet;3990
RTM1133;Termo Metálico Cobre;6490
RTM1134;Termo Metálico Botella;8199
RTM1135;Cambiador para bebes;6990
RTM1136;Set ecológico oficina;1999
RTM1137;Bolsa Metalizada Nonwoven 40x33x16cm;1390
RTM1138;Gorra Lino Danae;3290
RTM1139;Funda Cooler Espumante;2599
RTM1140;Set vino simil cuero LEATHER;11490
RTM1141;Chaqueta Micropolar Hombre;8990
RTM1142;Chaqueta Micropolar Mujer;8090
RTM1143;Paraguas Publicitario;4590
RTM1144;Mochila Poliéster NEW SPORT;9990
RTM1145;Capa Lluvia Niños;1490
RTM1146;Jockey Gorro Polar;3290
RTM1147;Pantuflas Poliéster;3290
RTM1148;Cuello Poliéster Running;990
RTM1149;Bolsa Térmica Guatero;2390
rtm1150;Guatero publicitario;2190
rtm1151;SECADOR PELO PLEGABLE - CERTIFICADO;9990
RTM1152;Porta Celulares Tarjetero;899
RTM1153;Canasto Picnic 2 Personas;28790
RTM1154;Canasto Picnic Ovalado;19990
RTM1155;Canasto Picnic 4 Personas;38990
RTM1156;Mochila con Piso Todo Terreno;18990
RTM1157;Canasto Picnic 4 Personas;38990
RTM1158;Canasto Picnic 2 Personas;25990
RTM1159;Llavero Metálico Zapato Fútbol;4990
RTM1160;Llavero Metálico Destapador Fútbol;1390
RTM1161;Carro Golf Miniatura Escritorio;8790
RTM1162;Set Tees Golf;9690
RTM1163;Pañuelos Desechables;439
RTM1164;Pastillero 7 Días Colores;1490
RTM1165;Identificador Copas Condif;2390
RTM1166;"Llavero ""Me Gusta"" Acero";729
RTM1167;Set Golf Metálico;5790
RTM1168;Tarjeta Recortable Tee Golf;639
RTM1169;Divot Golf Plástico Rígido;299
RTM1170;PELOTA DE GOLF;999
RTM1171;Set Utensilios Cocina Acero Inoxidable;8499
RTM1172;Set de Cocina Flexible;2899
RTM1173;Gorro Reversible de Nylon y Polar;2290
RTM1174;MINI PARRILLA TRANSPORTABLE;25390
RTM1175;GORRO Y DELANTAL CHEF;25390
RTM1176;SET BAR FORMA COPA;9999
RTM1177;Bota de Vino Cuero;6390
RTM1178;Set de Bar forma Libro;7990
RTM1179;Sacacorchos Premium;11999
RTM1180;Coctelera Translúcida 300ml;3099
RTM1181;Porta Botellas Polipiel;10499
RTM1182;Frasco con Bombilla 600ml;3899
RTM1183;Vaso con Bombilla 450ml;999
RTM1184;Exprimidor de Limones;2599
RTM1185;Set de Cubiertos Desmontables;599
RTM1186;Ensaladera Desmontable;5299
RTM1187;Cuchara de Madera Bambú;1099
RTM1188;Gorro Chef Algodón-Poliéster;2099
RTM1189;Hielera Bar;1899
RTM1190;Carro de Compras Plegable;7899
RTM1191;Destapador Llavero;279
RTM1192;Destapador Imantado Tronic;519
RTM1193;Bolsa Cooler Gel PVC;2799
RTM1194;Bolsa Algodón con Asas 37x41x0cm;869
RTM1195;Bolsa Algodón Colores 36x40cmx0cm;1199
RTM1196;Bolsa Yute Colores 44,5x35x14cm;4499
RTM1197;Bolsa Fibra Yute Colores 33,5x30x13cm;1999
RTM1198;Bolsa Plegable Frutas;990
RTM1199;Bolsa Plegable Sandía y Limón;1049
RTM1200;Vaso Plástico Con Tapa;1190
RTM1201;Llavero Pez;289
RTM1202;Llavero Bicicleta;439
RTM1203;Parlante Bluetooth Helber;8390
RTM1204;Parlante Bluetooth Braiss;9390
RTM1205;Parlante Bluetooth Morals;7690
RTM1206;Pulsera Promocional Forma Cierre;449
RTM1207;Pulsera Promocional de Cuero;649
RTM1208;Pulsera Promocional Cuero Flúor;299
RTM1209;Pulsera Promocional Fibra Sintética Niños;63
RTM1210;Pulsera Promocional PVC con Broche;94
RTM1212;Pulsera Promocional Fibra Sintética;54
RTM1213;PULSERA PROMOCIONAL FORRADA;399
RTM1214;Pulsera Promocional Acero Silicona;599
RTM1215;Pulsera Promocional Juvenil PVC;159
RTM1216;Bolso Promocional de Mano;4890
RTM1217;Bolso Promocional de PVC;6299
RTM1218;Bolso Promocional Poliéster Drako;7590
RTM1219;Bolso Promocional Poliéster Sendur;12890
RTM1220;Bolso Promocional Poliéster Ruedas;23990
RTM1221;Bolso de Poliéster Premium;22990
RTM1222;Lentes de Sol M Con Protección UV;1199
RTM1223;Lentes de Sol Z Con Protección UV;729
RTM1224;Lentes de Sol W Con Protección UV;1299
RTM1225;Lentes de Sol A Con Protección UV;999
RTM1226;Lentes de Sol L Con Protección UV;1169
RTM1227;Lentes de Sol Plegables Con Protección UV;1169
RTM1228;Lentes de Sol  B Con Protección UV;1199
RTM1229;Lentes de Sol N Con Protección UV;1069
RTM1230;Lentes de Sol Q Con Protección UV;1129
RTM1231;Lentes de Sol D Con Protección UV;1199
RTM1232;Lentes de Sol J Metal Protección UV;1999
RTM1233;Lentes de Sol Mágicos Protección UV;1299
RTM1234;Lentes de Sol Len Protección UV;999
RTM1235;Lentes de Sol Tom Protección UV;1139
RTM1236;Lentes de Sol Redondos Protección UV;1499
RTM1237;Polera Manga Corta Poliéster Mujer;5999
RTM1238;Polera Manga Corta Mujer;3990
RTM1239;Porta Tarjeta Para Celular;399
RTM1240;Bolsa para Supermercado Eco 35x36x26cm;2299
RTM1241;Bolsa para Supermercado Eco 37x48x26cm;2699
RTM1242;Set Asado 4 en 1;6999
RTM1243;Mochila Impermeable;3999
RTM1244;Pendrive Circular 8GB;4999
RTM1245;Pendrive Madera 8GB;4999
RTM1247;Pendrive Mini 8GB;6899
RTM1248;Pendrive Colgante 8GB;5199
RTM1250;Pendrive Mini 16GB;7499
RTM1251;Pendrive madera ovalado 16GB;6299
RTM1252;Pendrive Pulsera 16GB;6399
RTM1253;Pendrive Ecocuero 16GB;6399
RTM1254;Pendrive Goma 16GB;5299
RTM1255;Pendrive Tarjeta 16GB;5699
RTM1256;Pendrive Bambú 16GB;5699
RTM1257;Pendrive Giratorio 16GB;6199
RTM1258;Pendrive Ecocuero 8GB;6099
RTM1259;Power Bank Multifuncional 2600 Mah;12999
RTM1259-1;POWER BANK MULTIFUNCIONAL 2600 MAH (copia);13999
RTM1260;Power Bank 4000 Mah;4609
RTM1261;Mug Plástico 350ml;1599
RTM1262;Delantal Set Parrillero;4999
RTM1263;Cuchillo Cerámica;5299
RTM1264;Descorchador Acero Inoxidable;1799
RTM1265;Set de bar simil cuero;8499
RTM1266;Guante de Cocina con Silicona;1499
RTM1267;Botella Plástica Tapa Rosca;1299
RTM1268;Set de Escritorio de Bambú;2499
RTM1269;Destapador Spinner;839
RTM1270;Morral Poliéster con Cierre 34x44cm;1399
RTM1271;Botella Shake It;1599
RTM1272;Botella Aluminio 400ml Deportiva;1899
RTM1273;Mochila Ciclistas Led;25999
RTM1274;Posavasos Destapador;399
RTM1275;Set Ajedrez y Bar;8999
RTM1276;Destapador Pala Encobrizado;3999
RTM1277;Tirabuzón Metálico Encobrizado;12999
RTM1278;Set Camping Metálico;7799
RTM1279;Maletín metálico 6 Personas;39999
RTM1280;Set de Herramientas Auto 19 piezas;4799
RTM1281;Lápiz Pasta de Bambú Misuri;479
RTM1282;Tabla de Madera Mango Metálico;9999
RTM1283;Botella Aluminio Blanca 710ml;2899
RTM1284;Botella Plástica Splash 500cc;2699
RTM1285;Botella Plástica Bicicleta 700cc;1299
RTM1286;Gorro Lana con Bluetooth;10999
RTM1287;Audífonos Alta Fidelidad;9999
RTM1288;BOLSA COMPRAS PLEGABLE;549
RTM1289;BOLSA COMPRAS CON TIRANTES;479
RTM1290;Toalla Facial Microfibra en Bolso 31x31cm;1699
RTM1291;BOLSA DE COMPRAS PLEGABLE POLIÉSTER;1199
RTM1292;Audífonos con Micrófono Tubo;1599
RTM1293;Set de Especias;1199
RTM1294;KIT DE SIEMBRA;679
RTM1295;BOTIQUÍN ECOLÓGICO;2599
RTM1296;Morral Cooler Poliéster 29,5X39CM;1599
RTM1297;Libreta con semilla;1099
RTM1298;Polera Manga Corta Cuello V Poliéster Hombre;2599
RTM1299;Polera Manga Corta Cuello Polo Poliéster Hombre;6099
RTM1300;Cooler de Poliéster 27x19x14cm;4299
RTM1301;Jockey Malla;1499
RTM1302;Jockey Algodón 5 paneles Frente Lisa;1399
RTM1303;Set Herramientas 22 piezas;6999
RTM1304;Set Herramientas Portable 19 piezas;3999
RTM1305;Libreta de Corcho;1399
RTM1306;Navaja Multipropósitos;2199
RTM1307;Llavero con Herramientas;2299
RTM1308;Manta Picnic De Polar;5999
RTM1309;Maletín Poliéster 600D;3999
RTM1310;LLAVERO RUNNER;999
RTM1311;Lentes de Sol Protección UV;899
RTM1312;Paletas de Playa;8999
RTM1313;Maleta Con Ruedas 360°;34990
RTM1314;Mug Cobre 550cc;9999
RTM1315;Mug Encobrizado Martillado 550cc;6699
RTM1316;Set 4 Mugs Encobrizados;13499
RTM1317;Audífonos Bluetooth;7999
RTM1318;Power Bank Aluminio 2200MaH;3299
RTM1319;Candado para Bicicleta;1999
RTM1320;CANDADO PARA BICICLETA (copia);1999
RTM1321;Botella Deportiva Frutas;3999
RTM1322;Mini Carpa de Playa;11999
RTM1323;Bolsa Algodón 38x41cm;1199
RTM1324;Bolsa Yuco 38x40cm;1699
RTM1325;Bolsa Algodón Color 38x41cm;1299
RTM1326;Bolsa Algodón 39x39x19cm;1299
RTM1327;Bolsa Algodón 40x40x20cm;2299
RTM1328;Saco de Algodón 14x19cm;729
RTM1329;Saco de Algodón 20x29cm;849
RTM1330;Saco de Algodón 28x34cm;989
RTM1331;Morral Algodón 38x41cm;1399
RTM1332;Bolsa de Algodón 39x39x19cm;1499
RTM1333;Bolsa Algodón 60x40x19cm;1699
RTM1334;Bolso de Algodón 50x25cm;4299
RTM1335;Bolsa de Algodón 23x30cm;1399
RTM1336;Bolsa de Algodón 38x44cm;1599
RTM1337;Bolsa de Algodón 47x38x18cm;3599
RTM1338;Botella para Batidos;1899
RTM1339;Mochila de Algodón 33x44cm;1999
RTM1340;Bolsa de Yuco 38x40cm;1699
RTM1341;Bolsa de Yute 35x40cm;1299
RTM1342;Bolsa de Yute 38x42cm;1399
RTM1343;Bolsa de Yute 38x40x20cm;1499
RTM1344;Bolsa de Yute 58x40x20cm;1699
RTM1345;Funda 1 botella negro;1599
RTM1346;Funda 1 botella crudo;1399
RTM1347;Funda 2 botellas negro;2099
RTM1348;Funda 2 botellas crudo;1899
RTM1349;Cuaderno de Corcho 80 hojas A5;2999
RTM1350;Cuaderno Bicolor PU 80 hojas;2999
RTM1351;Libreta de Tela Lino 9x14x1,3cm;1599
RTM1352;Libreta de Tela 14,7x21,1x1,3cm;2399
RTM1353;Libreta PU café 9x14x1,5cm;1699
RTM1354;Libreta PU café 14,7x21,1x1,5cm;2799
RTM1355;Power Bank 4000 MAH plástico;11999
RTM1356;Parlante bluetooth cuadrado;7799
RTM1357;Parlante bluetooth con colgante;7799
RTM1358;Set de manicura con estuche organizador;2499
RTM1359;Libreta de corcho y PU 80 hojas;2499
RTM1360;Bolígrafo metálico negro;2999
RTM1361;Bolígrafo Metálico Plata;2999
RTM1362;Morral Poliéster Deportes 34x41 cm;699
RTM1363;Morral TNT Deportivo 33x42cm;469
RTM1364;Cuaderno con Post it y Regla;1399
RTM1365;BOTELLA DE ALUMINIO 800 ml;2399
RTM1366;BOTELLA DEPORTIVA CON FUNDA 450ML;1799
RTM1367;BOTELLA DE ALUMINIO BLANCA 800 ml;2499
RTM1368;BOTELLA DEPORTIVA PLÁSTICA 670 ML;1799